,filename,transcript,confidence,loudness,noisiness,coloration,discontinuity,age,gender,accent
0,OutboundSampleRecording_0,,-0.0896034762263298,0.0,0.0,0.0,0.0,0.0,0.0,0.0
1,OutboundSampleRecording_1,,-7.9687933921813965,0.0,0.0,0.0,0.0,0.0,0.0,0.0
2,OutboundSampleRecording_2,,-1.067405104637146,0.0,0.0,0.0,0.0,0.0,0.0,0.0
3,OutboundSampleRecording_3,sister,-52.884883880615234,0.0,0.0,0.0,0.0,0.0,0.0,0.0
4,OutboundSampleRecording_4,,-11.457402229309082,0.0,0.0,0.0,0.0,0.0,0.0,0.0
5,OutboundSampleRecording_5,,-0.5868980288505554,0.0,0.0,0.0,0.0,0.0,0.0,0.0
6,OutboundSampleRecording_6,,-0.11453796923160553,0.0,0.0,0.0,0.0,0.0,0.0,0.0
7,OutboundSampleRecording_7,one,-38.2986946105957,0.0,0.0,0.0,0.0,0.0,0.0,0.0
8,OutboundSampleRecording_8,,-10.142108917236328,0.0,0.0,0.0,0.0,0.0,0.0,0.0
9,OutboundSampleRecording_9,,-0.579326331615448,0.0,0.0,0.0,0.0,0.0,0.0,0.0
10,OutboundSampleRecording_10,,-3.4284160137176514,0.0,0.0,0.0,0.0,0.0,0.0,0.0
11,OutboundSampleRecording_11,,-4.961416721343994,0.0,0.0,0.0,0.0,0.0,0.0,0.0
12,OutboundSampleRecording_12,tastes,-77.2037124633789,0.0,0.0,0.0,0.0,0.0,0.0,0.0
13,OutboundSampleRecording_13,stretton,-64.29460144042969,0.0,0.0,0.0,0.0,0.0,0.0,0.0
14,OutboundSampleRecording_14,procession,-100.75809478759766,0.0,0.0,0.0,0.0,0.0,0.0,0.0
15,OutboundSampleRecording_15,one,-38.531005859375,0.0,0.0,0.0,0.0,0.0,0.0,0.0
16,OutboundSampleRecording_16,,-0.49498388171195984,0.0,0.0,0.0,0.0,0.0,0.0,0.0
17,OutboundSampleRecording_17,,-0.5196319222450256,0.0,0.0,0.0,0.0,0.0,0.0,0.0
18,OutboundSampleRecording_18,,-0.3172873854637146,0.0,0.0,0.0,0.0,0.0,0.0,0.0
19,OutboundSampleRecording_19,,-12.10205078125,0.0,0.0,0.0,0.0,0.0,0.0,0.0
20,OutboundSampleRecording_20,,-3.7077112197875977,0.0,0.0,0.0,0.0,0.0,0.0,0.0
21,OutboundSampleRecording_21,the,-7.585061550140381,0.0,0.0,0.0,0.0,0.0,0.0,0.0
22,OutboundSampleRecording_22,,-1.7247419357299805,0.0,0.0,0.0,0.0,0.0,0.0,0.0
23,OutboundSampleRecording_23,,-12.734076499938965,0.0,0.0,0.0,0.0,0.0,0.0,0.0
24,OutboundSampleRecording_24,,-0.9736576676368713,0.0,0.0,0.0,0.0,0.0,0.0,0.0
25,OutboundSampleRecording_25,that's the scots,-40.47968673706055,0.0,0.0,0.0,0.0,0.0,0.0,0.0
26,OutboundSampleRecording_26,come,-24.13146209716797,0.0,0.0,0.0,0.0,0.0,0.0,0.0
27,OutboundSampleRecording_27,,-1.495996117591858,0.0,0.0,0.0,0.0,0.0,0.0,0.0
28,OutboundSampleRecording_28,,-2.793337821960449,0.0,0.0,0.0,0.0,0.0,0.0,0.0
29,OutboundSampleRecording_29,for,-22.807281494140625,0.0,0.0,0.0,0.0,0.0,0.0,0.0
30,OutboundSampleRecording_30,the possession,-54.72663879394531,0.0,0.0,0.0,0.0,0.0,0.0,0.0
31,OutboundSampleRecording_31,otis,-41.084556579589844,0.0,0.0,0.0,0.0,0.0,0.0,0.0
32,OutboundSampleRecording_32,,-0.09608989953994751,0.0,0.0,0.0,0.0,0.0,0.0,0.0
33,OutboundSampleRecording_33,,-0.32537099719047546,0.0,0.0,0.0,0.0,0.0,0.0,0.0
34,OutboundSampleRecording_34,i sesostris,-101.82501983642578,0.0,0.0,0.0,0.0,0.0,0.0,0.0
35,OutboundSampleRecording_35,,-1.2329214811325073,0.0,0.0,0.0,0.0,0.0,0.0,0.0
36,OutboundSampleRecording_36,,-0.6320159435272217,0.0,0.0,0.0,0.0,0.0,0.0,0.0
37,OutboundSampleRecording_37,,-0.10440916568040848,0.0,0.0,0.0,0.0,0.0,0.0,0.0
38,OutboundSampleRecording_38,,-0.21605533361434937,0.0,0.0,0.0,0.0,0.0,0.0,0.0
39,OutboundSampleRecording_39,,-3.7302396297454834,0.0,0.0,0.0,0.0,0.0,0.0,0.0
40,OutboundSampleRecording_40,,-0.5466708540916443,0.0,0.0,0.0,0.0,0.0,0.0,0.0
41,OutboundSampleRecording_41,,-2.1067473888397217,0.0,0.0,0.0,0.0,0.0,0.0,0.0
42,OutboundSampleRecording_42,,-3.782524585723877,0.0,0.0,0.0,0.0,0.0,0.0,0.0
43,OutboundSampleRecording_43,,-0.13504721224308014,0.0,0.0,0.0,0.0,0.0,0.0,0.0
44,OutboundSampleRecording_44,,-0.11768433451652527,0.0,0.0,0.0,0.0,0.0,0.0,0.0
45,OutboundSampleRecording_45,,-0.20401768386363983,0.0,0.0,0.0,0.0,0.0,0.0,0.0
46,OutboundSampleRecording_46,,-0.16369254887104034,0.0,0.0,0.0,0.0,0.0,0.0,0.0
47,OutboundSampleRecording_47,,-0.6494528651237488,0.0,0.0,0.0,0.0,0.0,0.0,0.0
48,OutboundSampleRecording_48,,-1.0405404567718506,0.0,0.0,0.0,0.0,0.0,0.0,0.0
49,OutboundSampleRecording_49,,-6.595553398132324,0.0,0.0,0.0,0.0,0.0,0.0,0.0
50,OutboundSampleRecording_50,,-0.12533296644687653,0.0,0.0,0.0,0.0,0.0,0.0,0.0
51,OutboundSampleRecording_51,one,-51.53485107421875,0.0,0.0,0.0,0.0,0.0,0.0,0.0
52,OutboundSampleRecording_52,,-10.864400863647461,0.0,0.0,0.0,0.0,0.0,0.0,0.0
53,OutboundSampleRecording_53,,-2.5482308864593506,0.0,0.0,0.0,0.0,0.0,0.0,0.0
54,OutboundSampleRecording_54,,-2.4097368717193604,0.0,0.0,0.0,0.0,0.0,0.0,0.0
55,OutboundSampleRecording_55,,-8.151688575744629,0.0,0.0,0.0,0.0,0.0,0.0,0.0
56,OutboundSampleRecording_56,seaforth,-61.99087905883789,0.0,0.0,0.0,0.0,0.0,0.0,0.0
57,OutboundSampleRecording_57,,-2.9420437812805176,0.0,0.0,0.0,0.0,0.0,0.0,0.0
58,OutboundSampleRecording_58,,-2.2057833671569824,0.0,0.0,0.0,0.0,0.0,0.0,0.0
59,OutboundSampleRecording_59,asserts,-65.30445861816406,0.0,0.0,0.0,0.0,0.0,0.0,0.0
60,OutboundSampleRecording_60,,-0.14467164874076843,0.0,0.0,0.0,0.0,0.0,0.0,0.0
61,OutboundSampleRecording_61,,-8.334010124206543,0.0,0.0,0.0,0.0,0.0,0.0,0.0
62,OutboundSampleRecording_62,,-1.1851128339767456,0.0,0.0,0.0,0.0,0.0,0.0,0.0
63,OutboundSampleRecording_63,,-0.13466131687164307,0.0,0.0,0.0,0.0,0.0,0.0,0.0
64,OutboundSampleRecording_64,,-0.2770373523235321,0.0,0.0,0.0,0.0,0.0,0.0,0.0
65,OutboundSampleRecording_65,,-7.217804431915283,0.0,0.0,0.0,0.0,0.0,0.0,0.0
66,OutboundSampleRecording_66,,-0.278140127658844,0.0,0.0,0.0,0.0,0.0,0.0,0.0
67,OutboundSampleRecording_67,,-3.421785593032837,0.0,0.0,0.0,0.0,0.0,0.0,0.0
68,OutboundSampleRecording_68,,-0.1431923657655716,0.0,0.0,0.0,0.0,0.0,0.0,0.0
69,OutboundSampleRecording_69,,-0.17125214636325836,0.0,0.0,0.0,0.0,0.0,0.0,0.0
70,OutboundSampleRecording_70,he had,-19.60873794555664,0.0,0.0,0.0,0.0,0.0,0.0,0.0
71,OutboundSampleRecording_71,,-0.2825412154197693,0.0,0.0,0.0,0.0,0.0,0.0,0.0
72,OutboundSampleRecording_72,,-0.07748634368181229,0.0,0.0,0.0,0.0,0.0,0.0,0.0
73,OutboundSampleRecording_73,,-0.5382106304168701,0.0,0.0,0.0,0.0,0.0,0.0,0.0
74,OutboundSampleRecording_74,,-0.03173711523413658,0.0,0.0,0.0,0.0,0.0,0.0,0.0
75,OutboundSampleRecording_75,fishes,-54.04669189453125,0.0,0.0,0.0,0.0,0.0,0.0,0.0
76,OutboundSampleRecording_76,,-16.38698387145996,0.0,0.0,0.0,0.0,0.0,0.0,0.0
77,OutboundSampleRecording_77,,-10.383247375488281,0.0,0.0,0.0,0.0,0.0,0.0,0.0
78,OutboundSampleRecording_78,see,-41.47579574584961,0.0,0.0,0.0,0.0,0.0,0.0,0.0
79,OutboundSampleRecording_79,,-3.9528539180755615,0.0,0.0,0.0,0.0,0.0,0.0,0.0
80,OutboundSampleRecording_80,,-0.15210984647274017,0.0,0.0,0.0,0.0,0.0,0.0,0.0
81,OutboundSampleRecording_81,,-0.3061189651489258,0.0,0.0,0.0,0.0,0.0,0.0,0.0
82,OutboundSampleRecording_82,proteoses,-96.81436157226562,0.0,0.0,0.0,0.0,0.0,0.0,0.0
83,OutboundSampleRecording_83,,-0.040684230625629425,0.0,0.0,0.0,0.0,0.0,0.0,0.0
84,OutboundSampleRecording_84,,-1.226184368133545,0.0,0.0,0.0,0.0,0.0,0.0,0.0
85,OutboundSampleRecording_85,,-0.2063848227262497,0.0,0.0,0.0,0.0,0.0,0.0,0.0
86,OutboundSampleRecording_86,,0.0,0.0,0.0,0.0,0.0,0.0,0.0,0.0
87,OutboundSampleRecording_87,,-0.76280277967453,0.0,0.0,0.0,0.0,0.0,0.0,0.0
88,OutboundSampleRecording_88,,-0.020026830956339836,0.0,0.0,0.0,0.0,0.0,0.0,0.0
89,OutboundSampleRecording_89,,-13.343555450439453,0.0,0.0,0.0,0.0,0.0,0.0,0.0
90,OutboundSampleRecording_90,,-3.8805367946624756,0.0,0.0,0.0,0.0,0.0,0.0,0.0
91,OutboundSampleRecording_91,,-0.24997296929359436,0.0,0.0,0.0,0.0,0.0,0.0,0.0
92,OutboundSampleRecording_92,assisted,-73.7324447631836,0.0,0.0,0.0,0.0,0.0,0.0,0.0
93,OutboundSampleRecording_93,the,-18.629981994628906,0.0,0.0,0.0,0.0,0.0,0.0,0.0
94,OutboundSampleRecording_94,,-0.3364001512527466,0.0,0.0,0.0,0.0,0.0,0.0,0.0
95,OutboundSampleRecording_95,,-0.3389444053173065,0.0,0.0,0.0,0.0,0.0,0.0,0.0
96,OutboundSampleRecording_96,this was once,-70.64311981201172,0.0,0.0,0.0,0.0,0.0,0.0,0.0
97,OutboundSampleRecording_97,as,-27.26479148864746,0.0,0.0,0.0,0.0,0.0,0.0,0.0
98,OutboundSampleRecording_98,,-2.9476253986358643,0.0,0.0,0.0,0.0,0.0,0.0,0.0
99,OutboundSampleRecording_99,,-0.28068238496780396,0.0,0.0,0.0,0.0,0.0,0.0,0.0
100,OutboundSampleRecording_100,,-4.679964065551758,0.0,0.0,0.0,0.0,0.0,0.0,0.0
101,OutboundSampleRecording_101,there,-33.563724517822266,0.0,0.0,0.0,0.0,0.0,0.0,0.0
102,OutboundSampleRecording_102,,-7.669408798217773,0.0,0.0,0.0,0.0,0.0,0.0,0.0
103,OutboundSampleRecording_103,,-0.621708869934082,0.0,0.0,0.0,0.0,0.0,0.0,0.0
104,OutboundSampleRecording_104,,-6.81627893447876,0.0,0.0,0.0,0.0,0.0,0.0,0.0
105,OutboundSampleRecording_105,,-8.254973411560059,0.0,0.0,0.0,0.0,0.0,0.0,0.0
106,OutboundSampleRecording_106,,-1.1905421018600464,0.0,0.0,0.0,0.0,0.0,0.0,0.0
107,OutboundSampleRecording_107,,-0.06608803570270538,0.0,0.0,0.0,0.0,0.0,0.0,0.0
108,OutboundSampleRecording_108,,-0.7274200320243835,0.0,0.0,0.0,0.0,0.0,0.0,0.0
109,OutboundSampleRecording_109,,-5.718748569488525,0.0,0.0,0.0,0.0,0.0,0.0,0.0
110,OutboundSampleRecording_110,,-2.9018828868865967,0.0,0.0,0.0,0.0,0.0,0.0,0.0
111,OutboundSampleRecording_111,isotopes,-64.43264770507812,0.0,0.0,0.0,0.0,0.0,0.0,0.0
112,OutboundSampleRecording_112,,-4.321608543395996,0.0,0.0,0.0,0.0,0.0,0.0,0.0
113,OutboundSampleRecording_113,the,-18.812314987182617,0.0,0.0,0.0,0.0,0.0,0.0,0.0
114,OutboundSampleRecording_114,,-15.016850471496582,0.0,0.0,0.0,0.0,0.0,0.0,0.0
115,OutboundSampleRecording_115,,-7.190138816833496,0.0,0.0,0.0,0.0,0.0,0.0,0.0
116,OutboundSampleRecording_116,,-1.9997155666351318,0.0,0.0,0.0,0.0,0.0,0.0,0.0
117,OutboundSampleRecording_117,,-0.08129782974720001,0.0,0.0,0.0,0.0,0.0,0.0,0.0
118,OutboundSampleRecording_118,,-15.46984577178955,0.0,0.0,0.0,0.0,0.0,0.0,0.0
119,OutboundSampleRecording_119,,-10.371641159057617,0.0,0.0,0.0,0.0,0.0,0.0,0.0
120,OutboundSampleRecording_120,,-0.09161563962697983,0.0,0.0,0.0,0.0,0.0,0.0,0.0
121,OutboundSampleRecording_121,,0.0,0.0,0.0,0.0,0.0,0.0,0.0,0.0
122,OutboundSampleRecording_122,,-0.09438857436180115,0.0,0.0,0.0,0.0,0.0,0.0,0.0
123,OutboundSampleRecording_123,,-6.724002838134766,0.0,0.0,0.0,0.0,0.0,0.0,0.0
124,OutboundSampleRecording_124,,-0.24234940111637115,0.0,0.0,0.0,0.0,0.0,0.0,0.0
125,OutboundSampleRecording_125,,-0.3153668940067291,0.0,0.0,0.0,0.0,0.0,0.0,0.0
126,OutboundSampleRecording_126,,-8.248138427734375,0.0,0.0,0.0,0.0,0.0,0.0,0.0
127,OutboundSampleRecording_127,,-3.5274248123168945,0.0,0.0,0.0,0.0,0.0,0.0,0.0
128,OutboundSampleRecording_128,,-14.963911056518555,0.0,0.0,0.0,0.0,0.0,0.0,0.0
129,OutboundSampleRecording_129,,-0.5029380917549133,0.0,0.0,0.0,0.0,0.0,0.0,0.0
130,OutboundSampleRecording_130,,-2.22489595413208,0.0,0.0,0.0,0.0,0.0,0.0,0.0
131,OutboundSampleRecording_131,,-2.722324848175049,0.0,0.0,0.0,0.0,0.0,0.0,0.0
132,OutboundSampleRecording_132,,-15.872518539428711,0.0,0.0,0.0,0.0,0.0,0.0,0.0
133,OutboundSampleRecording_133,,-0.2562249004840851,0.0,0.0,0.0,0.0,0.0,0.0,0.0
134,OutboundSampleRecording_134,,-15.108086585998535,0.0,0.0,0.0,0.0,0.0,0.0,0.0
135,OutboundSampleRecording_135,,-0.1662588119506836,0.0,0.0,0.0,0.0,0.0,0.0,0.0
136,OutboundSampleRecording_136,hassan,-47.181453704833984,0.0,0.0,0.0,0.0,0.0,0.0,0.0
137,OutboundSampleRecording_137,spread,-66.6832275390625,0.0,0.0,0.0,0.0,0.0,0.0,0.0
138,OutboundSampleRecording_138,,-10.292805671691895,0.0,0.0,0.0,0.0,0.0,0.0,0.0
139,OutboundSampleRecording_139,cortes,-69.89397430419922,0.0,0.0,0.0,0.0,0.0,0.0,0.0
140,OutboundSampleRecording_140,,-0.2968907058238983,0.0,0.0,0.0,0.0,0.0,0.0,0.0
141,OutboundSampleRecording_141,,-17.916597366333008,0.0,0.0,0.0,0.0,0.0,0.0,0.0
142,OutboundSampleRecording_142,,-0.16957533359527588,0.0,0.0,0.0,0.0,0.0,0.0,0.0
143,OutboundSampleRecording_143,,-0.07989279180765152,0.0,0.0,0.0,0.0,0.0,0.0,0.0
144,OutboundSampleRecording_144,,-6.053582191467285,0.0,0.0,0.0,0.0,0.0,0.0,0.0
145,OutboundSampleRecording_145,,-0.5175871849060059,0.0,0.0,0.0,0.0,0.0,0.0,0.0
146,OutboundSampleRecording_146,,-0.23109696805477142,0.0,0.0,0.0,0.0,0.0,0.0,0.0
147,OutboundSampleRecording_147,,-2.6089837551116943,0.0,0.0,0.0,0.0,0.0,0.0,0.0
148,OutboundSampleRecording_148,,-4.216739654541016,0.0,0.0,0.0,0.0,0.0,0.0,0.0
149,OutboundSampleRecording_149,,-20.892724990844727,0.0,0.0,0.0,0.0,0.0,0.0,0.0
150,OutboundSampleRecording_150,,-3.9966442584991455,0.0,0.0,0.0,0.0,0.0,0.0,0.0
151,OutboundSampleRecording_151,,-1.2921935319900513,0.0,0.0,0.0,0.0,0.0,0.0,0.0
152,OutboundSampleRecording_152,,-0.09422826021909714,0.0,0.0,0.0,0.0,0.0,0.0,0.0
153,OutboundSampleRecording_153,,-1.6477177143096924,0.0,0.0,0.0,0.0,0.0,0.0,0.0
154,OutboundSampleRecording_154,,-0.1937665045261383,0.0,0.0,0.0,0.0,0.0,0.0,0.0
155,OutboundSampleRecording_155,,-0.06091770529747009,0.0,0.0,0.0,0.0,0.0,0.0,0.0
156,OutboundSampleRecording_156,,-0.3105350732803345,0.0,0.0,0.0,0.0,0.0,0.0,0.0
157,OutboundSampleRecording_157,,-2.0372939109802246,0.0,0.0,0.0,0.0,0.0,0.0,0.0
158,OutboundSampleRecording_158,the,-11.503365516662598,0.0,0.0,0.0,0.0,0.0,0.0,0.0
159,OutboundSampleRecording_159,,-20.52985191345215,0.0,0.0,0.0,0.0,0.0,0.0,0.0
160,OutboundSampleRecording_160,soon,-33.6016960144043,0.0,0.0,0.0,0.0,0.0,0.0,0.0
161,OutboundSampleRecording_161,,-0.7496094107627869,0.0,0.0,0.0,0.0,0.0,0.0,0.0
162,OutboundSampleRecording_162,the son,-48.329612731933594,0.0,0.0,0.0,0.0,0.0,0.0,0.0
163,OutboundSampleRecording_163,,-0.022384539246559143,0.0,0.0,0.0,0.0,0.0,0.0,0.0
164,OutboundSampleRecording_164,,-0.35441190004348755,0.0,0.0,0.0,0.0,0.0,0.0,0.0
165,OutboundSampleRecording_165,,-13.292852401733398,0.0,0.0,0.0,0.0,0.0,0.0,0.0
166,OutboundSampleRecording_166,,-12.048866271972656,0.0,0.0,0.0,0.0,0.0,0.0,0.0
167,OutboundSampleRecording_167,,-5.240426540374756,0.0,0.0,0.0,0.0,0.0,0.0,0.0
168,OutboundSampleRecording_168,,-0.09786557406187057,0.0,0.0,0.0,0.0,0.0,0.0,0.0
169,OutboundSampleRecording_169,,-0.09634745121002197,0.0,0.0,0.0,0.0,0.0,0.0,0.0
170,OutboundSampleRecording_170,i ,-18.993776321411133,0.0,0.0,0.0,0.0,0.0,0.0,0.0
171,OutboundSampleRecording_171,,-0.8641198873519897,0.0,0.0,0.0,0.0,0.0,0.0,0.0
172,OutboundSampleRecording_172,,-0.07437919080257416,0.0,0.0,0.0,0.0,0.0,0.0,0.0
173,OutboundSampleRecording_173,,-0.0896034762263298,0.0,0.0,0.0,0.0,0.0,0.0,0.0
174,OutboundSampleRecording_174,,-7.9687933921813965,0.0,0.0,0.0,0.0,0.0,0.0,0.0
175,OutboundSampleRecording_175,,-1.067405104637146,0.0,0.0,0.0,0.0,0.0,0.0,0.0
176,OutboundSampleRecording_176,sister,-52.884883880615234,0.0,0.0,0.0,0.0,0.0,0.0,0.0
177,OutboundSampleRecording_177,,-11.457402229309082,0.0,0.0,0.0,0.0,0.0,0.0,0.0
178,OutboundSampleRecording_178,,-0.5868980288505554,0.0,0.0,0.0,0.0,0.0,0.0,0.0
179,OutboundSampleRecording_179,,-0.11453796923160553,0.0,0.0,0.0,0.0,0.0,0.0,0.0
180,OutboundSampleRecording_180,one,-38.2986946105957,0.0,0.0,0.0,0.0,0.0,0.0,0.0
181,OutboundSampleRecording_181,,-10.142108917236328,0.0,0.0,0.0,0.0,0.0,0.0,0.0
182,OutboundSampleRecording_182,,-0.579326331615448,0.0,0.0,0.0,0.0,0.0,0.0,0.0
183,OutboundSampleRecording_183,,-3.4284160137176514,0.0,0.0,0.0,0.0,0.0,0.0,0.0
184,OutboundSampleRecording_184,,-4.961416721343994,0.0,0.0,0.0,0.0,0.0,0.0,0.0
185,OutboundSampleRecording_185,tastes,-77.2037124633789,0.0,0.0,0.0,0.0,0.0,0.0,0.0
186,OutboundSampleRecording_186,stretton,-64.29460144042969,0.0,0.0,0.0,0.0,0.0,0.0,0.0
187,OutboundSampleRecording_187,procession,-100.75809478759766,0.0,0.0,0.0,0.0,0.0,0.0,0.0
188,OutboundSampleRecording_188,one,-38.531005859375,0.0,0.0,0.0,0.0,0.0,0.0,0.0
189,OutboundSampleRecording_189,,-0.49498388171195984,0.0,0.0,0.0,0.0,0.0,0.0,0.0
190,OutboundSampleRecording_190,,-0.5196319222450256,0.0,0.0,0.0,0.0,0.0,0.0,0.0
191,OutboundSampleRecording_191,,-0.3172873854637146,0.0,0.0,0.0,0.0,0.0,0.0,0.0
192,OutboundSampleRecording_192,,-12.10205078125,0.0,0.0,0.0,0.0,0.0,0.0,0.0
193,OutboundSampleRecording_193,,-3.7077112197875977,0.0,0.0,0.0,0.0,0.0,0.0,0.0
194,OutboundSampleRecording_194,the,-7.585061550140381,0.0,0.0,0.0,0.0,0.0,0.0,0.0
195,OutboundSampleRecording_195,,-1.7247419357299805,0.0,0.0,0.0,0.0,0.0,0.0,0.0
196,OutboundSampleRecording_196,,-12.734076499938965,0.0,0.0,0.0,0.0,0.0,0.0,0.0
197,OutboundSampleRecording_197,,-0.9736576676368713,0.0,0.0,0.0,0.0,0.0,0.0,0.0
198,OutboundSampleRecording_198,that's the scots,-40.47968673706055,0.0,0.0,0.0,0.0,0.0,0.0,0.0
199,OutboundSampleRecording_199,come,-24.13146209716797,0.0,0.0,0.0,0.0,0.0,0.0,0.0
200,OutboundSampleRecording_200,,-1.495996117591858,0.0,0.0,0.0,0.0,0.0,0.0,0.0
201,OutboundSampleRecording_201,,-2.793337821960449,0.0,0.0,0.0,0.0,0.0,0.0,0.0
202,OutboundSampleRecording_202,for,-22.807281494140625,0.0,0.0,0.0,0.0,0.0,0.0,0.0
203,OutboundSampleRecording_203,the possession,-54.72663879394531,0.0,0.0,0.0,0.0,0.0,0.0,0.0
204,OutboundSampleRecording_204,otis,-41.084556579589844,0.0,0.0,0.0,0.0,0.0,0.0,0.0
205,OutboundSampleRecording_205,,-0.09608989953994751,0.0,0.0,0.0,0.0,0.0,0.0,0.0
206,OutboundSampleRecording_206,,-0.32537099719047546,0.0,0.0,0.0,0.0,0.0,0.0,0.0
207,OutboundSampleRecording_207,i sesostris,-101.82501983642578,0.0,0.0,0.0,0.0,0.0,0.0,0.0
208,OutboundSampleRecording_208,,-1.2329214811325073,0.0,0.0,0.0,0.0,0.0,0.0,0.0
209,OutboundSampleRecording_209,,-0.6320159435272217,0.0,0.0,0.0,0.0,0.0,0.0,0.0
210,OutboundSampleRecording_210,,-0.10440916568040848,0.0,0.0,0.0,0.0,0.0,0.0,0.0
211,OutboundSampleRecording_211,,-0.21605533361434937,0.0,0.0,0.0,0.0,0.0,0.0,0.0
212,OutboundSampleRecording_212,,-3.7302396297454834,0.0,0.0,0.0,0.0,0.0,0.0,0.0
213,OutboundSampleRecording_213,,-0.5466708540916443,0.0,0.0,0.0,0.0,0.0,0.0,0.0
214,OutboundSampleRecording_214,,-2.1067473888397217,0.0,0.0,0.0,0.0,0.0,0.0,0.0
215,OutboundSampleRecording_215,,-3.782524585723877,0.0,0.0,0.0,0.0,0.0,0.0,0.0
216,OutboundSampleRecording_216,,-0.13504721224308014,0.0,0.0,0.0,0.0,0.0,0.0,0.0
217,OutboundSampleRecording_217,,-0.11768433451652527,0.0,0.0,0.0,0.0,0.0,0.0,0.0
218,OutboundSampleRecording_218,,-0.20401768386363983,0.0,0.0,0.0,0.0,0.0,0.0,0.0
219,OutboundSampleRecording_219,,-0.16369254887104034,0.0,0.0,0.0,0.0,0.0,0.0,0.0
220,OutboundSampleRecording_220,,-0.6494528651237488,0.0,0.0,0.0,0.0,0.0,0.0,0.0
221,OutboundSampleRecording_221,,-1.0405404567718506,0.0,0.0,0.0,0.0,0.0,0.0,0.0
222,OutboundSampleRecording_222,,-6.595553398132324,0.0,0.0,0.0,0.0,0.0,0.0,0.0
223,OutboundSampleRecording_223,,-0.12533296644687653,0.0,0.0,0.0,0.0,0.0,0.0,0.0
224,OutboundSampleRecording_224,one,-51.53485107421875,0.0,0.0,0.0,0.0,0.0,0.0,0.0
225,OutboundSampleRecording_225,,-10.864400863647461,0.0,0.0,0.0,0.0,0.0,0.0,0.0
226,OutboundSampleRecording_226,,-2.5482308864593506,0.0,0.0,0.0,0.0,0.0,0.0,0.0
227,OutboundSampleRecording_227,,-2.4097368717193604,0.0,0.0,0.0,0.0,0.0,0.0,0.0
228,OutboundSampleRecording_228,,-8.151688575744629,0.0,0.0,0.0,0.0,0.0,0.0,0.0
229,OutboundSampleRecording_229,seaforth,-61.99087905883789,0.0,0.0,0.0,0.0,0.0,0.0,0.0
230,OutboundSampleRecording_230,,-2.9420437812805176,0.0,0.0,0.0,0.0,0.0,0.0,0.0
231,OutboundSampleRecording_231,,-2.2057833671569824,0.0,0.0,0.0,0.0,0.0,0.0,0.0
232,OutboundSampleRecording_232,asserts,-65.30445861816406,0.0,0.0,0.0,0.0,0.0,0.0,0.0
233,OutboundSampleRecording_233,,-0.14467164874076843,0.0,0.0,0.0,0.0,0.0,0.0,0.0
234,OutboundSampleRecording_234,,-8.334010124206543,0.0,0.0,0.0,0.0,0.0,0.0,0.0
235,OutboundSampleRecording_235,,-1.1851128339767456,0.0,0.0,0.0,0.0,0.0,0.0,0.0
236,OutboundSampleRecording_236,,-0.13466131687164307,0.0,0.0,0.0,0.0,0.0,0.0,0.0
237,OutboundSampleRecording_237,,-0.2770373523235321,0.0,0.0,0.0,0.0,0.0,0.0,0.0
238,OutboundSampleRecording_238,,-7.217804431915283,0.0,0.0,0.0,0.0,0.0,0.0,0.0
239,OutboundSampleRecording_239,,-0.278140127658844,0.0,0.0,0.0,0.0,0.0,0.0,0.0
240,OutboundSampleRecording_240,,-3.421785593032837,0.0,0.0,0.0,0.0,0.0,0.0,0.0
241,OutboundSampleRecording_241,,-0.1431923657655716,0.0,0.0,0.0,0.0,0.0,0.0,0.0
242,OutboundSampleRecording_242,,-0.17125214636325836,0.0,0.0,0.0,0.0,0.0,0.0,0.0
243,OutboundSampleRecording_243,he had,-19.60873794555664,0.0,0.0,0.0,0.0,0.0,0.0,0.0
244,OutboundSampleRecording_244,,-0.2825412154197693,0.0,0.0,0.0,0.0,0.0,0.0,0.0
245,OutboundSampleRecording_245,,-0.07748634368181229,0.0,0.0,0.0,0.0,0.0,0.0,0.0
246,OutboundSampleRecording_246,,-0.5382106304168701,0.0,0.0,0.0,0.0,0.0,0.0,0.0
247,OutboundSampleRecording_247,,-0.03173711523413658,0.0,0.0,0.0,0.0,0.0,0.0,0.0
248,OutboundSampleRecording_248,fishes,-54.04669189453125,0.0,0.0,0.0,0.0,0.0,0.0,0.0
249,OutboundSampleRecording_249,,-16.38698387145996,0.0,0.0,0.0,0.0,0.0,0.0,0.0
250,OutboundSampleRecording_250,,-10.383247375488281,0.0,0.0,0.0,0.0,0.0,0.0,0.0
251,OutboundSampleRecording_251,see,-41.47579574584961,0.0,0.0,0.0,0.0,0.0,0.0,0.0
252,OutboundSampleRecording_252,,-3.9528539180755615,0.0,0.0,0.0,0.0,0.0,0.0,0.0
253,OutboundSampleRecording_253,,-0.15210984647274017,0.0,0.0,0.0,0.0,0.0,0.0,0.0
254,OutboundSampleRecording_254,,-0.3061189651489258,0.0,0.0,0.0,0.0,0.0,0.0,0.0
255,OutboundSampleRecording_255,proteoses,-96.81436157226562,0.0,0.0,0.0,0.0,0.0,0.0,0.0
256,OutboundSampleRecording_256,,-0.040684230625629425,0.0,0.0,0.0,0.0,0.0,0.0,0.0
257,OutboundSampleRecording_257,,-1.226184368133545,0.0,0.0,0.0,0.0,0.0,0.0,0.0
258,OutboundSampleRecording_258,,-0.2063848227262497,0.0,0.0,0.0,0.0,0.0,0.0,0.0
259,OutboundSampleRecording_259,,0.0,0.0,0.0,0.0,0.0,0.0,0.0,0.0
260,OutboundSampleRecording_260,,-0.76280277967453,0.0,0.0,0.0,0.0,0.0,0.0,0.0
261,OutboundSampleRecording_261,,-0.020026830956339836,0.0,0.0,0.0,0.0,0.0,0.0,0.0
262,OutboundSampleRecording_262,,-13.343555450439453,0.0,0.0,0.0,0.0,0.0,0.0,0.0
263,OutboundSampleRecording_263,,-3.8805367946624756,0.0,0.0,0.0,0.0,0.0,0.0,0.0
264,OutboundSampleRecording_264,,-0.24997296929359436,0.0,0.0,0.0,0.0,0.0,0.0,0.0
265,OutboundSampleRecording_265,assisted,-73.7324447631836,0.0,0.0,0.0,0.0,0.0,0.0,0.0
266,OutboundSampleRecording_266,the,-18.629981994628906,0.0,0.0,0.0,0.0,0.0,0.0,0.0
267,OutboundSampleRecording_267,,-0.3364001512527466,0.0,0.0,0.0,0.0,0.0,0.0,0.0
268,OutboundSampleRecording_268,,-0.3389444053173065,0.0,0.0,0.0,0.0,0.0,0.0,0.0
269,OutboundSampleRecording_269,this was once,-70.64311981201172,0.0,0.0,0.0,0.0,0.0,0.0,0.0
270,OutboundSampleRecording_270,as,-27.26479148864746,0.0,0.0,0.0,0.0,0.0,0.0,0.0
271,OutboundSampleRecording_271,,-2.9476253986358643,0.0,0.0,0.0,0.0,0.0,0.0,0.0
272,OutboundSampleRecording_272,,-0.28068238496780396,0.0,0.0,0.0,0.0,0.0,0.0,0.0
273,OutboundSampleRecording_273,,-4.679964065551758,0.0,0.0,0.0,0.0,0.0,0.0,0.0
274,OutboundSampleRecording_274,there,-33.563724517822266,0.0,0.0,0.0,0.0,0.0,0.0,0.0
275,OutboundSampleRecording_275,,-7.669408798217773,0.0,0.0,0.0,0.0,0.0,0.0,0.0
276,OutboundSampleRecording_276,,-0.621708869934082,0.0,0.0,0.0,0.0,0.0,0.0,0.0
277,OutboundSampleRecording_277,,-6.81627893447876,0.0,0.0,0.0,0.0,0.0,0.0,0.0
278,OutboundSampleRecording_278,,-8.254973411560059,0.0,0.0,0.0,0.0,0.0,0.0,0.0
279,OutboundSampleRecording_279,,-1.1905421018600464,0.0,0.0,0.0,0.0,0.0,0.0,0.0
280,OutboundSampleRecording_280,,-0.06608803570270538,0.0,0.0,0.0,0.0,0.0,0.0,0.0
281,OutboundSampleRecording_281,,-0.7274200320243835,0.0,0.0,0.0,0.0,0.0,0.0,0.0
282,OutboundSampleRecording_282,,-5.718748569488525,0.0,0.0,0.0,0.0,0.0,0.0,0.0
283,OutboundSampleRecording_283,,-2.9018828868865967,0.0,0.0,0.0,0.0,0.0,0.0,0.0
284,OutboundSampleRecording_284,isotopes,-64.43264770507812,0.0,0.0,0.0,0.0,0.0,0.0,0.0
285,OutboundSampleRecording_285,,-4.321608543395996,0.0,0.0,0.0,0.0,0.0,0.0,0.0
286,OutboundSampleRecording_286,the,-18.812314987182617,0.0,0.0,0.0,0.0,0.0,0.0,0.0
287,OutboundSampleRecording_287,,-15.016850471496582,0.0,0.0,0.0,0.0,0.0,0.0,0.0
288,OutboundSampleRecording_288,,-7.190138816833496,0.0,0.0,0.0,0.0,0.0,0.0,0.0
289,OutboundSampleRecording_289,,-1.9997155666351318,0.0,0.0,0.0,0.0,0.0,0.0,0.0
290,OutboundSampleRecording_290,,-0.08129782974720001,0.0,0.0,0.0,0.0,0.0,0.0,0.0
291,OutboundSampleRecording_291,,-15.46984577178955,0.0,0.0,0.0,0.0,0.0,0.0,0.0
292,OutboundSampleRecording_292,,-10.371641159057617,0.0,0.0,0.0,0.0,0.0,0.0,0.0
293,OutboundSampleRecording_293,,-0.09161563962697983,0.0,0.0,0.0,0.0,0.0,0.0,0.0
294,OutboundSampleRecording_294,,0.0,0.0,0.0,0.0,0.0,0.0,0.0,0.0
295,OutboundSampleRecording_295,,-0.09438857436180115,0.0,0.0,0.0,0.0,0.0,0.0,0.0
296,OutboundSampleRecording_296,,-6.724002838134766,0.0,0.0,0.0,0.0,0.0,0.0,0.0
297,OutboundSampleRecording_297,,-0.24234940111637115,0.0,0.0,0.0,0.0,0.0,0.0,0.0
298,OutboundSampleRecording_298,,-0.3153668940067291,0.0,0.0,0.0,0.0,0.0,0.0,0.0
299,OutboundSampleRecording_299,,-8.248138427734375,0.0,0.0,0.0,0.0,0.0,0.0,0.0
300,OutboundSampleRecording_300,,-3.5274248123168945,0.0,0.0,0.0,0.0,0.0,0.0,0.0
301,OutboundSampleRecording_301,,-14.963911056518555,0.0,0.0,0.0,0.0,0.0,0.0,0.0
302,OutboundSampleRecording_302,,-0.5029380917549133,0.0,0.0,0.0,0.0,0.0,0.0,0.0
303,OutboundSampleRecording_303,,-2.22489595413208,0.0,0.0,0.0,0.0,0.0,0.0,0.0
304,OutboundSampleRecording_304,,-2.722324848175049,0.0,0.0,0.0,0.0,0.0,0.0,0.0
305,OutboundSampleRecording_305,,-15.872518539428711,0.0,0.0,0.0,0.0,0.0,0.0,0.0
306,OutboundSampleRecording_306,,-0.2562249004840851,0.0,0.0,0.0,0.0,0.0,0.0,0.0
307,OutboundSampleRecording_307,,-15.108086585998535,0.0,0.0,0.0,0.0,0.0,0.0,0.0
308,OutboundSampleRecording_308,,-0.1662588119506836,0.0,0.0,0.0,0.0,0.0,0.0,0.0
309,OutboundSampleRecording_309,hassan,-47.181453704833984,0.0,0.0,0.0,0.0,0.0,0.0,0.0
310,OutboundSampleRecording_310,spread,-66.6832275390625,0.0,0.0,0.0,0.0,0.0,0.0,0.0
311,OutboundSampleRecording_311,,-10.292805671691895,0.0,0.0,0.0,0.0,0.0,0.0,0.0
312,OutboundSampleRecording_312,cortes,-69.89397430419922,0.0,0.0,0.0,0.0,0.0,0.0,0.0
313,OutboundSampleRecording_313,,-0.2968907058238983,0.0,0.0,0.0,0.0,0.0,0.0,0.0
314,OutboundSampleRecording_314,,-17.916597366333008,0.0,0.0,0.0,0.0,0.0,0.0,0.0
315,OutboundSampleRecording_315,,-0.16957533359527588,0.0,0.0,0.0,0.0,0.0,0.0,0.0
316,OutboundSampleRecording_316,,-0.07989279180765152,0.0,0.0,0.0,0.0,0.0,0.0,0.0
317,OutboundSampleRecording_317,,-6.053582191467285,0.0,0.0,0.0,0.0,0.0,0.0,0.0
318,OutboundSampleRecording_318,,-0.5175871849060059,0.0,0.0,0.0,0.0,0.0,0.0,0.0
319,OutboundSampleRecording_319,,-0.23109696805477142,0.0,0.0,0.0,0.0,0.0,0.0,0.0
320,OutboundSampleRecording_320,,-2.6089837551116943,0.0,0.0,0.0,0.0,0.0,0.0,0.0
321,OutboundSampleRecording_321,,-4.216739654541016,0.0,0.0,0.0,0.0,0.0,0.0,0.0
322,OutboundSampleRecording_322,,-20.892724990844727,0.0,0.0,0.0,0.0,0.0,0.0,0.0
323,OutboundSampleRecording_323,,-3.9966442584991455,0.0,0.0,0.0,0.0,0.0,0.0,0.0
324,OutboundSampleRecording_324,,-1.2921935319900513,0.0,0.0,0.0,0.0,0.0,0.0,0.0
325,OutboundSampleRecording_325,,-0.09422826021909714,0.0,0.0,0.0,0.0,0.0,0.0,0.0
326,OutboundSampleRecording_326,,-1.6477177143096924,0.0,0.0,0.0,0.0,0.0,0.0,0.0
327,OutboundSampleRecording_327,,-0.1937665045261383,0.0,0.0,0.0,0.0,0.0,0.0,0.0
328,OutboundSampleRecording_328,,-0.06091770529747009,0.0,0.0,0.0,0.0,0.0,0.0,0.0
329,OutboundSampleRecording_329,,-0.3105350732803345,0.0,0.0,0.0,0.0,0.0,0.0,0.0
330,OutboundSampleRecording_330,,-2.0372939109802246,0.0,0.0,0.0,0.0,0.0,0.0,0.0
331,OutboundSampleRecording_331,the,-11.503365516662598,0.0,0.0,0.0,0.0,0.0,0.0,0.0
332,OutboundSampleRecording_332,,-20.52985191345215,0.0,0.0,0.0,0.0,0.0,0.0,0.0
333,OutboundSampleRecording_333,soon,-33.6016960144043,0.0,0.0,0.0,0.0,0.0,0.0,0.0
334,OutboundSampleRecording_334,,-0.7496094107627869,0.0,0.0,0.0,0.0,0.0,0.0,0.0
335,OutboundSampleRecording_335,the son,-48.329612731933594,0.0,0.0,0.0,0.0,0.0,0.0,0.0
336,OutboundSampleRecording_336,,-0.022384539246559143,0.0,0.0,0.0,0.0,0.0,0.0,0.0
337,OutboundSampleRecording_337,,-0.35441190004348755,0.0,0.0,0.0,0.0,0.0,0.0,0.0
338,OutboundSampleRecording_338,,-13.292852401733398,0.0,0.0,0.0,0.0,0.0,0.0,0.0
339,OutboundSampleRecording_339,,-12.048866271972656,0.0,0.0,0.0,0.0,0.0,0.0,0.0
340,OutboundSampleRecording_340,,-5.240426540374756,0.0,0.0,0.0,0.0,0.0,0.0,0.0
341,OutboundSampleRecording_341,,-0.09786557406187057,0.0,0.0,0.0,0.0,0.0,0.0,0.0
342,OutboundSampleRecording_342,,-0.09634745121002197,0.0,0.0,0.0,0.0,0.0,0.0,0.0
343,OutboundSampleRecording_343,i ,-18.993776321411133,0.0,0.0,0.0,0.0,0.0,0.0,0.0
344,OutboundSampleRecording_344,,-0.8641198873519897,0.0,0.0,0.0,0.0,0.0,0.0,0.0
345,OutboundSampleRecording_345,,-0.07437919080257416,0.0,0.0,0.0,0.0,0.0,0.0,0.0
346,OutboundSampleRecording_346,,-0.0896034762263298,0.0,0.0,0.0,0.0,0.0,0.0,0.0
347,OutboundSampleRecording_347,,-7.9687933921813965,0.0,0.0,0.0,0.0,0.0,0.0,0.0
348,OutboundSampleRecording_348,,-1.067405104637146,0.0,0.0,0.0,0.0,0.0,0.0,0.0
349,OutboundSampleRecording_349,sister,-52.884883880615234,0.0,0.0,0.0,0.0,0.0,0.0,0.0
350,OutboundSampleRecording_350,,-11.457402229309082,0.0,0.0,0.0,0.0,0.0,0.0,0.0
351,OutboundSampleRecording_351,,-0.5868980288505554,0.0,0.0,0.0,0.0,0.0,0.0,0.0
352,OutboundSampleRecording_352,,-0.11453796923160553,0.0,0.0,0.0,0.0,0.0,0.0,0.0
353,OutboundSampleRecording_353,one,-38.2986946105957,0.0,0.0,0.0,0.0,0.0,0.0,0.0
354,OutboundSampleRecording_354,,-10.142108917236328,0.0,0.0,0.0,0.0,0.0,0.0,0.0
355,OutboundSampleRecording_355,,-0.579326331615448,0.0,0.0,0.0,0.0,0.0,0.0,0.0
356,OutboundSampleRecording_356,,-3.4284160137176514,0.0,0.0,0.0,0.0,0.0,0.0,0.0
357,OutboundSampleRecording_357,,-4.961416721343994,0.0,0.0,0.0,0.0,0.0,0.0,0.0
358,OutboundSampleRecording_358,tastes,-77.2037124633789,0.0,0.0,0.0,0.0,0.0,0.0,0.0
359,OutboundSampleRecording_359,stretton,-64.29460144042969,0.0,0.0,0.0,0.0,0.0,0.0,0.0
360,OutboundSampleRecording_360,procession,-100.75809478759766,0.0,0.0,0.0,0.0,0.0,0.0,0.0
361,OutboundSampleRecording_361,one,-38.531005859375,0.0,0.0,0.0,0.0,0.0,0.0,0.0
362,OutboundSampleRecording_362,,-0.49498388171195984,0.0,0.0,0.0,0.0,0.0,0.0,0.0
363,OutboundSampleRecording_363,,-0.5196319222450256,0.0,0.0,0.0,0.0,0.0,0.0,0.0
364,OutboundSampleRecording_364,,-0.3172873854637146,0.0,0.0,0.0,0.0,0.0,0.0,0.0
365,OutboundSampleRecording_365,,-12.10205078125,0.0,0.0,0.0,0.0,0.0,0.0,0.0
366,OutboundSampleRecording_366,,-3.7077112197875977,0.0,0.0,0.0,0.0,0.0,0.0,0.0
367,OutboundSampleRecording_367,the,-7.585061550140381,0.0,0.0,0.0,0.0,0.0,0.0,0.0
368,OutboundSampleRecording_368,,-1.7247419357299805,0.0,0.0,0.0,0.0,0.0,0.0,0.0
369,OutboundSampleRecording_369,,-12.734076499938965,0.0,0.0,0.0,0.0,0.0,0.0,0.0
370,OutboundSampleRecording_370,,-0.9736576676368713,0.0,0.0,0.0,0.0,0.0,0.0,0.0
371,OutboundSampleRecording_371,that's the scots,-40.47968673706055,0.0,0.0,0.0,0.0,0.0,0.0,0.0
372,OutboundSampleRecording_372,come,-24.13146209716797,0.0,0.0,0.0,0.0,0.0,0.0,0.0
373,OutboundSampleRecording_373,,-1.495996117591858,0.0,0.0,0.0,0.0,0.0,0.0,0.0
374,OutboundSampleRecording_374,,-2.793337821960449,0.0,0.0,0.0,0.0,0.0,0.0,0.0
375,OutboundSampleRecording_375,for,-22.807281494140625,0.0,0.0,0.0,0.0,0.0,0.0,0.0
376,OutboundSampleRecording_376,the possession,-54.72663879394531,0.0,0.0,0.0,0.0,0.0,0.0,0.0
377,OutboundSampleRecording_377,otis,-41.084556579589844,0.0,0.0,0.0,0.0,0.0,0.0,0.0
378,OutboundSampleRecording_378,,-0.09608989953994751,0.0,0.0,0.0,0.0,0.0,0.0,0.0
379,OutboundSampleRecording_379,,-0.32537099719047546,0.0,0.0,0.0,0.0,0.0,0.0,0.0
380,OutboundSampleRecording_380,i sesostris,-101.82501983642578,0.0,0.0,0.0,0.0,0.0,0.0,0.0
381,OutboundSampleRecording_381,,-1.2329214811325073,0.0,0.0,0.0,0.0,0.0,0.0,0.0
382,OutboundSampleRecording_382,,-0.6320159435272217,0.0,0.0,0.0,0.0,0.0,0.0,0.0
383,OutboundSampleRecording_383,,-0.10440916568040848,0.0,0.0,0.0,0.0,0.0,0.0,0.0
384,OutboundSampleRecording_384,,-0.21605533361434937,0.0,0.0,0.0,0.0,0.0,0.0,0.0
385,OutboundSampleRecording_385,,-3.7302396297454834,0.0,0.0,0.0,0.0,0.0,0.0,0.0
386,OutboundSampleRecording_386,,-0.5466708540916443,0.0,0.0,0.0,0.0,0.0,0.0,0.0
387,OutboundSampleRecording_387,,-2.1067473888397217,0.0,0.0,0.0,0.0,0.0,0.0,0.0
388,OutboundSampleRecording_388,,-3.782524585723877,0.0,0.0,0.0,0.0,0.0,0.0,0.0
389,OutboundSampleRecording_389,,-0.13504721224308014,0.0,0.0,0.0,0.0,0.0,0.0,0.0
390,OutboundSampleRecording_390,,-0.11768433451652527,0.0,0.0,0.0,0.0,0.0,0.0,0.0
391,OutboundSampleRecording_391,,-0.20401768386363983,0.0,0.0,0.0,0.0,0.0,0.0,0.0
392,OutboundSampleRecording_392,,-0.16369254887104034,0.0,0.0,0.0,0.0,0.0,0.0,0.0
393,OutboundSampleRecording_393,,-0.6494528651237488,0.0,0.0,0.0,0.0,0.0,0.0,0.0
394,OutboundSampleRecording_394,,-1.0405404567718506,0.0,0.0,0.0,0.0,0.0,0.0,0.0
395,OutboundSampleRecording_395,,-6.595553398132324,0.0,0.0,0.0,0.0,0.0,0.0,0.0
396,OutboundSampleRecording_396,,-0.12533296644687653,0.0,0.0,0.0,0.0,0.0,0.0,0.0
397,OutboundSampleRecording_397,one,-51.53485107421875,0.0,0.0,0.0,0.0,0.0,0.0,0.0
398,OutboundSampleRecording_398,,-10.864400863647461,0.0,0.0,0.0,0.0,0.0,0.0,0.0
399,OutboundSampleRecording_399,,-2.5482308864593506,0.0,0.0,0.0,0.0,0.0,0.0,0.0
400,OutboundSampleRecording_400,,-2.4097368717193604,0.0,0.0,0.0,0.0,0.0,0.0,0.0
401,OutboundSampleRecording_401,,-8.151688575744629,0.0,0.0,0.0,0.0,0.0,0.0,0.0
402,OutboundSampleRecording_402,seaforth,-61.99087905883789,0.0,0.0,0.0,0.0,0.0,0.0,0.0
403,OutboundSampleRecording_403,,-2.9420437812805176,0.0,0.0,0.0,0.0,0.0,0.0,0.0
404,OutboundSampleRecording_404,,-2.2057833671569824,0.0,0.0,0.0,0.0,0.0,0.0,0.0
405,OutboundSampleRecording_405,asserts,-65.30445861816406,0.0,0.0,0.0,0.0,0.0,0.0,0.0
406,OutboundSampleRecording_406,,-0.14467164874076843,0.0,0.0,0.0,0.0,0.0,0.0,0.0
407,OutboundSampleRecording_407,,-8.334010124206543,0.0,0.0,0.0,0.0,0.0,0.0,0.0
408,OutboundSampleRecording_408,,-1.1851128339767456,0.0,0.0,0.0,0.0,0.0,0.0,0.0
409,OutboundSampleRecording_409,,-0.13466131687164307,0.0,0.0,0.0,0.0,0.0,0.0,0.0
410,OutboundSampleRecording_410,,-0.2770373523235321,0.0,0.0,0.0,0.0,0.0,0.0,0.0
411,OutboundSampleRecording_411,,-7.217804431915283,0.0,0.0,0.0,0.0,0.0,0.0,0.0
412,OutboundSampleRecording_412,,-0.278140127658844,0.0,0.0,0.0,0.0,0.0,0.0,0.0
413,OutboundSampleRecording_413,,-3.421785593032837,0.0,0.0,0.0,0.0,0.0,0.0,0.0
414,OutboundSampleRecording_414,,-0.1431923657655716,0.0,0.0,0.0,0.0,0.0,0.0,0.0
415,OutboundSampleRecording_415,,-0.17125214636325836,0.0,0.0,0.0,0.0,0.0,0.0,0.0
416,OutboundSampleRecording_416,he had,-19.60873794555664,0.0,0.0,0.0,0.0,0.0,0.0,0.0
417,OutboundSampleRecording_417,,-0.2825412154197693,0.0,0.0,0.0,0.0,0.0,0.0,0.0
418,OutboundSampleRecording_418,,-0.07748634368181229,0.0,0.0,0.0,0.0,0.0,0.0,0.0
419,OutboundSampleRecording_419,,-0.5382106304168701,0.0,0.0,0.0,0.0,0.0,0.0,0.0
420,OutboundSampleRecording_420,,-0.03173711523413658,0.0,0.0,0.0,0.0,0.0,0.0,0.0
421,OutboundSampleRecording_421,fishes,-54.04669189453125,0.0,0.0,0.0,0.0,0.0,0.0,0.0
422,OutboundSampleRecording_422,,-16.38698387145996,0.0,0.0,0.0,0.0,0.0,0.0,0.0
423,OutboundSampleRecording_423,,-10.383247375488281,0.0,0.0,0.0,0.0,0.0,0.0,0.0
424,OutboundSampleRecording_424,see,-41.47579574584961,0.0,0.0,0.0,0.0,0.0,0.0,0.0
425,OutboundSampleRecording_425,,-3.9528539180755615,0.0,0.0,0.0,0.0,0.0,0.0,0.0
426,OutboundSampleRecording_426,,-0.15210984647274017,0.0,0.0,0.0,0.0,0.0,0.0,0.0
427,OutboundSampleRecording_427,,-0.3061189651489258,0.0,0.0,0.0,0.0,0.0,0.0,0.0
428,OutboundSampleRecording_428,proteoses,-96.81436157226562,0.0,0.0,0.0,0.0,0.0,0.0,0.0
429,OutboundSampleRecording_429,,-0.040684230625629425,0.0,0.0,0.0,0.0,0.0,0.0,0.0
430,OutboundSampleRecording_430,,-1.226184368133545,0.0,0.0,0.0,0.0,0.0,0.0,0.0
431,OutboundSampleRecording_431,,-0.2063848227262497,0.0,0.0,0.0,0.0,0.0,0.0,0.0
432,OutboundSampleRecording_432,,0.0,0.0,0.0,0.0,0.0,0.0,0.0,0.0
433,OutboundSampleRecording_433,,-0.76280277967453,0.0,0.0,0.0,0.0,0.0,0.0,0.0
434,OutboundSampleRecording_434,,-0.020026830956339836,0.0,0.0,0.0,0.0,0.0,0.0,0.0
435,OutboundSampleRecording_435,,-13.343555450439453,0.0,0.0,0.0,0.0,0.0,0.0,0.0
436,OutboundSampleRecording_436,,-3.8805367946624756,0.0,0.0,0.0,0.0,0.0,0.0,0.0
437,OutboundSampleRecording_437,,-0.24997296929359436,0.0,0.0,0.0,0.0,0.0,0.0,0.0
438,OutboundSampleRecording_438,assisted,-73.7324447631836,0.0,0.0,0.0,0.0,0.0,0.0,0.0
439,OutboundSampleRecording_439,the,-18.629981994628906,0.0,0.0,0.0,0.0,0.0,0.0,0.0
440,OutboundSampleRecording_440,,-0.3364001512527466,0.0,0.0,0.0,0.0,0.0,0.0,0.0
441,OutboundSampleRecording_441,,-0.3389444053173065,0.0,0.0,0.0,0.0,0.0,0.0,0.0
442,OutboundSampleRecording_442,this was once,-70.64311981201172,0.0,0.0,0.0,0.0,0.0,0.0,0.0
443,OutboundSampleRecording_443,as,-27.26479148864746,0.0,0.0,0.0,0.0,0.0,0.0,0.0
444,OutboundSampleRecording_444,,-2.9476253986358643,0.0,0.0,0.0,0.0,0.0,0.0,0.0
445,OutboundSampleRecording_445,,-0.28068238496780396,0.0,0.0,0.0,0.0,0.0,0.0,0.0
446,OutboundSampleRecording_446,,-4.679964065551758,0.0,0.0,0.0,0.0,0.0,0.0,0.0
447,OutboundSampleRecording_447,there,-33.563724517822266,0.0,0.0,0.0,0.0,0.0,0.0,0.0
448,OutboundSampleRecording_448,,-7.669408798217773,0.0,0.0,0.0,0.0,0.0,0.0,0.0
449,OutboundSampleRecording_449,,-0.621708869934082,0.0,0.0,0.0,0.0,0.0,0.0,0.0
450,OutboundSampleRecording_450,,-6.81627893447876,0.0,0.0,0.0,0.0,0.0,0.0,0.0
451,OutboundSampleRecording_451,,-8.254973411560059,0.0,0.0,0.0,0.0,0.0,0.0,0.0
452,OutboundSampleRecording_452,,-1.1905421018600464,0.0,0.0,0.0,0.0,0.0,0.0,0.0
453,OutboundSampleRecording_453,,-0.06608803570270538,0.0,0.0,0.0,0.0,0.0,0.0,0.0
454,OutboundSampleRecording_454,,-0.7274200320243835,0.0,0.0,0.0,0.0,0.0,0.0,0.0
455,OutboundSampleRecording_455,,-5.718748569488525,0.0,0.0,0.0,0.0,0.0,0.0,0.0
456,OutboundSampleRecording_456,,-2.9018828868865967,0.0,0.0,0.0,0.0,0.0,0.0,0.0
457,OutboundSampleRecording_457,isotopes,-64.43264770507812,0.0,0.0,0.0,0.0,0.0,0.0,0.0
458,OutboundSampleRecording_458,,-4.321608543395996,0.0,0.0,0.0,0.0,0.0,0.0,0.0
459,OutboundSampleRecording_459,the,-18.812314987182617,0.0,0.0,0.0,0.0,0.0,0.0,0.0
460,OutboundSampleRecording_460,,-15.016850471496582,0.0,0.0,0.0,0.0,0.0,0.0,0.0
461,OutboundSampleRecording_461,,-7.190138816833496,0.0,0.0,0.0,0.0,0.0,0.0,0.0
462,OutboundSampleRecording_462,,-1.9997155666351318,0.0,0.0,0.0,0.0,0.0,0.0,0.0
463,OutboundSampleRecording_463,,-0.08129782974720001,0.0,0.0,0.0,0.0,0.0,0.0,0.0
464,OutboundSampleRecording_464,,-15.46984577178955,0.0,0.0,0.0,0.0,0.0,0.0,0.0
465,OutboundSampleRecording_465,,-10.371641159057617,0.0,0.0,0.0,0.0,0.0,0.0,0.0
466,OutboundSampleRecording_466,,-0.09161563962697983,0.0,0.0,0.0,0.0,0.0,0.0,0.0
467,OutboundSampleRecording_467,,0.0,0.0,0.0,0.0,0.0,0.0,0.0,0.0
468,OutboundSampleRecording_468,,-0.09438857436180115,0.0,0.0,0.0,0.0,0.0,0.0,0.0
469,OutboundSampleRecording_469,,-6.724002838134766,0.0,0.0,0.0,0.0,0.0,0.0,0.0
470,OutboundSampleRecording_470,,-0.24234940111637115,0.0,0.0,0.0,0.0,0.0,0.0,0.0
471,OutboundSampleRecording_471,,-0.3153668940067291,0.0,0.0,0.0,0.0,0.0,0.0,0.0
472,OutboundSampleRecording_472,,-8.248138427734375,0.0,0.0,0.0,0.0,0.0,0.0,0.0
473,OutboundSampleRecording_473,,-3.5274248123168945,0.0,0.0,0.0,0.0,0.0,0.0,0.0
474,OutboundSampleRecording_474,,-14.963911056518555,0.0,0.0,0.0,0.0,0.0,0.0,0.0
475,OutboundSampleRecording_475,,-0.5029380917549133,0.0,0.0,0.0,0.0,0.0,0.0,0.0
476,OutboundSampleRecording_476,,-2.22489595413208,0.0,0.0,0.0,0.0,0.0,0.0,0.0
477,OutboundSampleRecording_477,,-2.722324848175049,0.0,0.0,0.0,0.0,0.0,0.0,0.0
478,OutboundSampleRecording_478,,-15.872518539428711,0.0,0.0,0.0,0.0,0.0,0.0,0.0
479,OutboundSampleRecording_479,,-0.2562249004840851,0.0,0.0,0.0,0.0,0.0,0.0,0.0
480,OutboundSampleRecording_480,,-15.108086585998535,0.0,0.0,0.0,0.0,0.0,0.0,0.0
481,OutboundSampleRecording_481,,-0.1662588119506836,0.0,0.0,0.0,0.0,0.0,0.0,0.0
482,OutboundSampleRecording_482,hassan,-47.181453704833984,0.0,0.0,0.0,0.0,0.0,0.0,0.0
483,OutboundSampleRecording_483,spread,-66.6832275390625,0.0,0.0,0.0,0.0,0.0,0.0,0.0
484,OutboundSampleRecording_484,,-10.292805671691895,0.0,0.0,0.0,0.0,0.0,0.0,0.0
485,OutboundSampleRecording_485,cortes,-69.89397430419922,0.0,0.0,0.0,0.0,0.0,0.0,0.0
486,OutboundSampleRecording_486,,-0.2968907058238983,0.0,0.0,0.0,0.0,0.0,0.0,0.0
487,OutboundSampleRecording_487,,-17.916597366333008,0.0,0.0,0.0,0.0,0.0,0.0,0.0
488,OutboundSampleRecording_488,,-0.16957533359527588,0.0,0.0,0.0,0.0,0.0,0.0,0.0
489,OutboundSampleRecording_489,,-0.07989279180765152,0.0,0.0,0.0,0.0,0.0,0.0,0.0
490,OutboundSampleRecording_490,,-6.053582191467285,0.0,0.0,0.0,0.0,0.0,0.0,0.0
491,OutboundSampleRecording_491,,-0.5175871849060059,0.0,0.0,0.0,0.0,0.0,0.0,0.0
492,OutboundSampleRecording_492,,-0.23109696805477142,0.0,0.0,0.0,0.0,0.0,0.0,0.0
493,OutboundSampleRecording_493,,-2.6089837551116943,0.0,0.0,0.0,0.0,0.0,0.0,0.0
494,OutboundSampleRecording_494,,-4.216739654541016,0.0,0.0,0.0,0.0,0.0,0.0,0.0
495,OutboundSampleRecording_495,,-20.892724990844727,0.0,0.0,0.0,0.0,0.0,0.0,0.0
496,OutboundSampleRecording_496,,-3.9966442584991455,0.0,0.0,0.0,0.0,0.0,0.0,0.0
497,OutboundSampleRecording_497,,-1.2921935319900513,0.0,0.0,0.0,0.0,0.0,0.0,0.0
498,OutboundSampleRecording_498,,-0.09422826021909714,0.0,0.0,0.0,0.0,0.0,0.0,0.0
499,OutboundSampleRecording_499,,-1.6477177143096924,0.0,0.0,0.0,0.0,0.0,0.0,0.0
500,OutboundSampleRecording_500,,-0.1937665045261383,0.0,0.0,0.0,0.0,0.0,0.0,0.0
501,OutboundSampleRecording_501,,-0.06091770529747009,0.0,0.0,0.0,0.0,0.0,0.0,0.0
502,OutboundSampleRecording_502,,-0.3105350732803345,0.0,0.0,0.0,0.0,0.0,0.0,0.0
503,OutboundSampleRecording_503,,-2.0372939109802246,0.0,0.0,0.0,0.0,0.0,0.0,0.0
504,OutboundSampleRecording_504,the,-11.503365516662598,0.0,0.0,0.0,0.0,0.0,0.0,0.0
505,OutboundSampleRecording_505,,-20.52985191345215,0.0,0.0,0.0,0.0,0.0,0.0,0.0
506,OutboundSampleRecording_506,soon,-33.6016960144043,0.0,0.0,0.0,0.0,0.0,0.0,0.0
507,OutboundSampleRecording_507,,-0.7496094107627869,0.0,0.0,0.0,0.0,0.0,0.0,0.0
508,OutboundSampleRecording_508,the son,-48.329612731933594,0.0,0.0,0.0,0.0,0.0,0.0,0.0
509,OutboundSampleRecording_509,,-0.022384539246559143,0.0,0.0,0.0,0.0,0.0,0.0,0.0
510,OutboundSampleRecording_510,,-0.35441190004348755,0.0,0.0,0.0,0.0,0.0,0.0,0.0
511,OutboundSampleRecording_511,,-13.292852401733398,0.0,0.0,0.0,0.0,0.0,0.0,0.0
512,OutboundSampleRecording_512,,-12.048866271972656,0.0,0.0,0.0,0.0,0.0,0.0,0.0
513,OutboundSampleRecording_513,,-5.240426540374756,0.0,0.0,0.0,0.0,0.0,0.0,0.0
514,OutboundSampleRecording_514,,-0.09786557406187057,0.0,0.0,0.0,0.0,0.0,0.0,0.0
515,OutboundSampleRecording_515,,-0.09634745121002197,0.0,0.0,0.0,0.0,0.0,0.0,0.0
516,OutboundSampleRecording_516,i ,-18.993776321411133,0.0,0.0,0.0,0.0,0.0,0.0,0.0
517,OutboundSampleRecording_517,,-0.8641198873519897,0.0,0.0,0.0,0.0,0.0,0.0,0.0
518,OutboundSampleRecording_518,,-0.07437919080257416,0.0,0.0,0.0,0.0,0.0,0.0,0.0
519,OutboundSampleRecording_519,,-0.0896034762263298,0.0,0.0,0.0,0.0,0.0,0.0,0.0
520,OutboundSampleRecording_520,,-7.9687933921813965,0.0,0.0,0.0,0.0,0.0,0.0,0.0
521,OutboundSampleRecording_521,,-1.067405104637146,0.0,0.0,0.0,0.0,0.0,0.0,0.0
522,OutboundSampleRecording_522,sister,-52.884883880615234,0.0,0.0,0.0,0.0,0.0,0.0,0.0
523,OutboundSampleRecording_523,,-11.457402229309082,0.0,0.0,0.0,0.0,0.0,0.0,0.0
524,OutboundSampleRecording_524,,-0.5868980288505554,0.0,0.0,0.0,0.0,0.0,0.0,0.0
525,OutboundSampleRecording_525,,-0.11453796923160553,0.0,0.0,0.0,0.0,0.0,0.0,0.0
526,OutboundSampleRecording_526,one,-38.2986946105957,0.0,0.0,0.0,0.0,0.0,0.0,0.0
527,OutboundSampleRecording_527,,-10.142108917236328,0.0,0.0,0.0,0.0,0.0,0.0,0.0
528,OutboundSampleRecording_528,,-0.579326331615448,0.0,0.0,0.0,0.0,0.0,0.0,0.0
529,OutboundSampleRecording_529,,-3.4284160137176514,0.0,0.0,0.0,0.0,0.0,0.0,0.0
530,OutboundSampleRecording_530,,-4.961416721343994,0.0,0.0,0.0,0.0,0.0,0.0,0.0
531,OutboundSampleRecording_531,tastes,-77.2037124633789,0.0,0.0,0.0,0.0,0.0,0.0,0.0
532,OutboundSampleRecording_532,stretton,-64.29460144042969,0.0,0.0,0.0,0.0,0.0,0.0,0.0
533,OutboundSampleRecording_533,procession,-100.75809478759766,0.0,0.0,0.0,0.0,0.0,0.0,0.0
534,OutboundSampleRecording_534,one,-38.531005859375,0.0,0.0,0.0,0.0,0.0,0.0,0.0
535,OutboundSampleRecording_535,,-0.49498388171195984,0.0,0.0,0.0,0.0,0.0,0.0,0.0
536,OutboundSampleRecording_536,,-0.5196319222450256,0.0,0.0,0.0,0.0,0.0,0.0,0.0
537,OutboundSampleRecording_537,,-0.3172873854637146,0.0,0.0,0.0,0.0,0.0,0.0,0.0
538,OutboundSampleRecording_538,,-12.10205078125,0.0,0.0,0.0,0.0,0.0,0.0,0.0
539,OutboundSampleRecording_539,,-3.7077112197875977,0.0,0.0,0.0,0.0,0.0,0.0,0.0
540,OutboundSampleRecording_540,the,-7.585061550140381,0.0,0.0,0.0,0.0,0.0,0.0,0.0
541,OutboundSampleRecording_541,,-1.7247419357299805,0.0,0.0,0.0,0.0,0.0,0.0,0.0
542,OutboundSampleRecording_542,,-12.734076499938965,0.0,0.0,0.0,0.0,0.0,0.0,0.0
543,OutboundSampleRecording_543,,-0.9736576676368713,0.0,0.0,0.0,0.0,0.0,0.0,0.0
544,OutboundSampleRecording_544,that's the scots,-40.47968673706055,0.0,0.0,0.0,0.0,0.0,0.0,0.0
545,OutboundSampleRecording_545,come,-24.13146209716797,0.0,0.0,0.0,0.0,0.0,0.0,0.0
546,OutboundSampleRecording_546,,-1.495996117591858,0.0,0.0,0.0,0.0,0.0,0.0,0.0
547,OutboundSampleRecording_547,,-2.793337821960449,0.0,0.0,0.0,0.0,0.0,0.0,0.0
548,OutboundSampleRecording_548,for,-22.807281494140625,0.0,0.0,0.0,0.0,0.0,0.0,0.0
549,OutboundSampleRecording_549,the possession,-54.72663879394531,0.0,0.0,0.0,0.0,0.0,0.0,0.0
550,OutboundSampleRecording_550,otis,-41.084556579589844,0.0,0.0,0.0,0.0,0.0,0.0,0.0
551,OutboundSampleRecording_551,,-0.09608989953994751,0.0,0.0,0.0,0.0,0.0,0.0,0.0
552,OutboundSampleRecording_552,,-0.32537099719047546,0.0,0.0,0.0,0.0,0.0,0.0,0.0
553,OutboundSampleRecording_553,i sesostris,-101.82501983642578,0.0,0.0,0.0,0.0,0.0,0.0,0.0
554,OutboundSampleRecording_554,,-1.2329214811325073,0.0,0.0,0.0,0.0,0.0,0.0,0.0
555,OutboundSampleRecording_555,,-0.6320159435272217,0.0,0.0,0.0,0.0,0.0,0.0,0.0
556,OutboundSampleRecording_556,,-0.10440916568040848,0.0,0.0,0.0,0.0,0.0,0.0,0.0
557,OutboundSampleRecording_557,,-0.21605533361434937,0.0,0.0,0.0,0.0,0.0,0.0,0.0
558,OutboundSampleRecording_558,,-3.7302396297454834,0.0,0.0,0.0,0.0,0.0,0.0,0.0
559,OutboundSampleRecording_559,,-0.5466708540916443,0.0,0.0,0.0,0.0,0.0,0.0,0.0
560,OutboundSampleRecording_560,,-2.1067473888397217,0.0,0.0,0.0,0.0,0.0,0.0,0.0
561,OutboundSampleRecording_561,,-3.782524585723877,0.0,0.0,0.0,0.0,0.0,0.0,0.0
562,OutboundSampleRecording_562,,-0.13504721224308014,0.0,0.0,0.0,0.0,0.0,0.0,0.0
563,OutboundSampleRecording_563,,-0.11768433451652527,0.0,0.0,0.0,0.0,0.0,0.0,0.0
564,OutboundSampleRecording_564,,-0.20401768386363983,0.0,0.0,0.0,0.0,0.0,0.0,0.0
565,OutboundSampleRecording_565,,-0.16369254887104034,0.0,0.0,0.0,0.0,0.0,0.0,0.0
566,OutboundSampleRecording_566,,-0.6494528651237488,0.0,0.0,0.0,0.0,0.0,0.0,0.0
567,OutboundSampleRecording_567,,-1.0405404567718506,0.0,0.0,0.0,0.0,0.0,0.0,0.0
568,OutboundSampleRecording_568,,-6.595553398132324,0.0,0.0,0.0,0.0,0.0,0.0,0.0
569,OutboundSampleRecording_569,,-0.12533296644687653,0.0,0.0,0.0,0.0,0.0,0.0,0.0
570,OutboundSampleRecording_570,one,-51.53485107421875,0.0,0.0,0.0,0.0,0.0,0.0,0.0
571,OutboundSampleRecording_571,,-10.864400863647461,0.0,0.0,0.0,0.0,0.0,0.0,0.0
572,OutboundSampleRecording_572,,-2.5482308864593506,0.0,0.0,0.0,0.0,0.0,0.0,0.0
573,OutboundSampleRecording_573,,-2.4097368717193604,0.0,0.0,0.0,0.0,0.0,0.0,0.0
574,OutboundSampleRecording_574,,-8.151688575744629,0.0,0.0,0.0,0.0,0.0,0.0,0.0
575,OutboundSampleRecording_575,seaforth,-61.99087905883789,0.0,0.0,0.0,0.0,0.0,0.0,0.0
576,OutboundSampleRecording_576,,-2.9420437812805176,0.0,0.0,0.0,0.0,0.0,0.0,0.0
577,OutboundSampleRecording_577,,-2.2057833671569824,0.0,0.0,0.0,0.0,0.0,0.0,0.0
578,OutboundSampleRecording_578,asserts,-65.30445861816406,0.0,0.0,0.0,0.0,0.0,0.0,0.0
579,OutboundSampleRecording_579,,-0.14467164874076843,0.0,0.0,0.0,0.0,0.0,0.0,0.0
580,OutboundSampleRecording_580,,-8.334010124206543,0.0,0.0,0.0,0.0,0.0,0.0,0.0
581,OutboundSampleRecording_581,,-1.1851128339767456,0.0,0.0,0.0,0.0,0.0,0.0,0.0
582,OutboundSampleRecording_582,,-0.13466131687164307,0.0,0.0,0.0,0.0,0.0,0.0,0.0
583,OutboundSampleRecording_583,,-0.2770373523235321,0.0,0.0,0.0,0.0,0.0,0.0,0.0
584,OutboundSampleRecording_584,,-7.217804431915283,0.0,0.0,0.0,0.0,0.0,0.0,0.0
585,OutboundSampleRecording_585,,-0.278140127658844,0.0,0.0,0.0,0.0,0.0,0.0,0.0
586,OutboundSampleRecording_586,,-3.421785593032837,0.0,0.0,0.0,0.0,0.0,0.0,0.0
587,OutboundSampleRecording_587,,-0.1431923657655716,0.0,0.0,0.0,0.0,0.0,0.0,0.0
588,OutboundSampleRecording_588,,-0.17125214636325836,0.0,0.0,0.0,0.0,0.0,0.0,0.0
589,OutboundSampleRecording_589,he had,-19.60873794555664,0.0,0.0,0.0,0.0,0.0,0.0,0.0
590,OutboundSampleRecording_590,,-0.2825412154197693,0.0,0.0,0.0,0.0,0.0,0.0,0.0
591,OutboundSampleRecording_591,,-0.07748634368181229,0.0,0.0,0.0,0.0,0.0,0.0,0.0
592,OutboundSampleRecording_592,,-0.5382106304168701,0.0,0.0,0.0,0.0,0.0,0.0,0.0
593,OutboundSampleRecording_593,,-0.03173711523413658,0.0,0.0,0.0,0.0,0.0,0.0,0.0
594,OutboundSampleRecording_594,fishes,-54.04669189453125,0.0,0.0,0.0,0.0,0.0,0.0,0.0
595,OutboundSampleRecording_595,,-16.38698387145996,0.0,0.0,0.0,0.0,0.0,0.0,0.0
596,OutboundSampleRecording_596,,-10.383247375488281,0.0,0.0,0.0,0.0,0.0,0.0,0.0
597,OutboundSampleRecording_597,see,-41.47579574584961,0.0,0.0,0.0,0.0,0.0,0.0,0.0
598,OutboundSampleRecording_598,,-3.9528539180755615,0.0,0.0,0.0,0.0,0.0,0.0,0.0
599,OutboundSampleRecording_599,,-0.15210984647274017,0.0,0.0,0.0,0.0,0.0,0.0,0.0
600,OutboundSampleRecording_600,,-0.3061189651489258,0.0,0.0,0.0,0.0,0.0,0.0,0.0
601,OutboundSampleRecording_601,proteoses,-96.81436157226562,0.0,0.0,0.0,0.0,0.0,0.0,0.0
602,OutboundSampleRecording_602,,-0.040684230625629425,0.0,0.0,0.0,0.0,0.0,0.0,0.0
603,OutboundSampleRecording_603,,-1.226184368133545,0.0,0.0,0.0,0.0,0.0,0.0,0.0
604,OutboundSampleRecording_604,,-0.2063848227262497,0.0,0.0,0.0,0.0,0.0,0.0,0.0
605,OutboundSampleRecording_605,,0.0,0.0,0.0,0.0,0.0,0.0,0.0,0.0
606,OutboundSampleRecording_606,,-0.76280277967453,0.0,0.0,0.0,0.0,0.0,0.0,0.0
607,OutboundSampleRecording_607,,-0.020026830956339836,0.0,0.0,0.0,0.0,0.0,0.0,0.0
608,OutboundSampleRecording_608,,-13.343555450439453,0.0,0.0,0.0,0.0,0.0,0.0,0.0
609,OutboundSampleRecording_609,,-3.8805367946624756,0.0,0.0,0.0,0.0,0.0,0.0,0.0
610,OutboundSampleRecording_610,,-0.24997296929359436,0.0,0.0,0.0,0.0,0.0,0.0,0.0
611,OutboundSampleRecording_611,assisted,-73.7324447631836,0.0,0.0,0.0,0.0,0.0,0.0,0.0
612,OutboundSampleRecording_612,the,-18.629981994628906,0.0,0.0,0.0,0.0,0.0,0.0,0.0
613,OutboundSampleRecording_613,,-0.3364001512527466,0.0,0.0,0.0,0.0,0.0,0.0,0.0
614,OutboundSampleRecording_614,,-0.3389444053173065,0.0,0.0,0.0,0.0,0.0,0.0,0.0
615,OutboundSampleRecording_615,this was once,-70.64311981201172,0.0,0.0,0.0,0.0,0.0,0.0,0.0
616,OutboundSampleRecording_616,as,-27.26479148864746,0.0,0.0,0.0,0.0,0.0,0.0,0.0
617,OutboundSampleRecording_617,,-2.9476253986358643,0.0,0.0,0.0,0.0,0.0,0.0,0.0
618,OutboundSampleRecording_618,,-0.28068238496780396,0.0,0.0,0.0,0.0,0.0,0.0,0.0
619,OutboundSampleRecording_619,,-4.679964065551758,0.0,0.0,0.0,0.0,0.0,0.0,0.0
620,OutboundSampleRecording_620,there,-33.563724517822266,0.0,0.0,0.0,0.0,0.0,0.0,0.0
621,OutboundSampleRecording_621,,-7.669408798217773,0.0,0.0,0.0,0.0,0.0,0.0,0.0
622,OutboundSampleRecording_622,,-0.621708869934082,0.0,0.0,0.0,0.0,0.0,0.0,0.0
623,OutboundSampleRecording_623,,-6.81627893447876,0.0,0.0,0.0,0.0,0.0,0.0,0.0
624,OutboundSampleRecording_624,,-8.254973411560059,0.0,0.0,0.0,0.0,0.0,0.0,0.0
625,OutboundSampleRecording_625,,-1.1905421018600464,0.0,0.0,0.0,0.0,0.0,0.0,0.0
626,OutboundSampleRecording_626,,-0.06608803570270538,0.0,0.0,0.0,0.0,0.0,0.0,0.0
627,OutboundSampleRecording_627,,-0.7274200320243835,0.0,0.0,0.0,0.0,0.0,0.0,0.0
628,OutboundSampleRecording_628,,-5.718748569488525,0.0,0.0,0.0,0.0,0.0,0.0,0.0
629,OutboundSampleRecording_629,,-2.9018828868865967,0.0,0.0,0.0,0.0,0.0,0.0,0.0
630,OutboundSampleRecording_630,isotopes,-64.43264770507812,0.0,0.0,0.0,0.0,0.0,0.0,0.0
631,OutboundSampleRecording_631,,-4.321608543395996,0.0,0.0,0.0,0.0,0.0,0.0,0.0
632,OutboundSampleRecording_632,the,-18.812314987182617,0.0,0.0,0.0,0.0,0.0,0.0,0.0
633,OutboundSampleRecording_633,,-15.016850471496582,0.0,0.0,0.0,0.0,0.0,0.0,0.0
634,OutboundSampleRecording_634,,-7.190138816833496,0.0,0.0,0.0,0.0,0.0,0.0,0.0
635,OutboundSampleRecording_635,,-1.9997155666351318,0.0,0.0,0.0,0.0,0.0,0.0,0.0
636,OutboundSampleRecording_636,,-0.08129782974720001,0.0,0.0,0.0,0.0,0.0,0.0,0.0
637,OutboundSampleRecording_637,,-15.46984577178955,0.0,0.0,0.0,0.0,0.0,0.0,0.0
638,OutboundSampleRecording_638,,-10.371641159057617,0.0,0.0,0.0,0.0,0.0,0.0,0.0
639,OutboundSampleRecording_639,,-0.09161563962697983,0.0,0.0,0.0,0.0,0.0,0.0,0.0
640,OutboundSampleRecording_640,,0.0,0.0,0.0,0.0,0.0,0.0,0.0,0.0
641,OutboundSampleRecording_641,,-0.09438857436180115,0.0,0.0,0.0,0.0,0.0,0.0,0.0
642,OutboundSampleRecording_642,,-6.724002838134766,0.0,0.0,0.0,0.0,0.0,0.0,0.0
643,OutboundSampleRecording_643,,-0.24234940111637115,0.0,0.0,0.0,0.0,0.0,0.0,0.0
644,OutboundSampleRecording_644,,-0.3153668940067291,0.0,0.0,0.0,0.0,0.0,0.0,0.0
645,OutboundSampleRecording_645,,-8.248138427734375,0.0,0.0,0.0,0.0,0.0,0.0,0.0
646,OutboundSampleRecording_646,,-3.5274248123168945,0.0,0.0,0.0,0.0,0.0,0.0,0.0
647,OutboundSampleRecording_647,,-14.963911056518555,0.0,0.0,0.0,0.0,0.0,0.0,0.0
648,OutboundSampleRecording_648,,-0.5029380917549133,0.0,0.0,0.0,0.0,0.0,0.0,0.0
649,OutboundSampleRecording_649,,-2.22489595413208,0.0,0.0,0.0,0.0,0.0,0.0,0.0
650,OutboundSampleRecording_650,,-2.722324848175049,0.0,0.0,0.0,0.0,0.0,0.0,0.0
651,OutboundSampleRecording_651,,-15.872518539428711,0.0,0.0,0.0,0.0,0.0,0.0,0.0
652,OutboundSampleRecording_652,,-0.2562249004840851,0.0,0.0,0.0,0.0,0.0,0.0,0.0
653,OutboundSampleRecording_653,,-15.108086585998535,0.0,0.0,0.0,0.0,0.0,0.0,0.0
654,OutboundSampleRecording_654,,-0.1662588119506836,0.0,0.0,0.0,0.0,0.0,0.0,0.0
655,OutboundSampleRecording_655,hassan,-47.181453704833984,0.0,0.0,0.0,0.0,0.0,0.0,0.0
656,OutboundSampleRecording_656,spread,-66.6832275390625,0.0,0.0,0.0,0.0,0.0,0.0,0.0
657,OutboundSampleRecording_657,,-10.292805671691895,0.0,0.0,0.0,0.0,0.0,0.0,0.0
658,OutboundSampleRecording_658,cortes,-69.89397430419922,0.0,0.0,0.0,0.0,0.0,0.0,0.0
659,OutboundSampleRecording_659,,-0.2968907058238983,0.0,0.0,0.0,0.0,0.0,0.0,0.0
660,OutboundSampleRecording_660,,-17.916597366333008,0.0,0.0,0.0,0.0,0.0,0.0,0.0
661,OutboundSampleRecording_661,,-0.16957533359527588,0.0,0.0,0.0,0.0,0.0,0.0,0.0
662,OutboundSampleRecording_662,,-0.07989279180765152,0.0,0.0,0.0,0.0,0.0,0.0,0.0
663,OutboundSampleRecording_663,,-6.053582191467285,0.0,0.0,0.0,0.0,0.0,0.0,0.0
664,OutboundSampleRecording_664,,-0.5175871849060059,0.0,0.0,0.0,0.0,0.0,0.0,0.0
665,OutboundSampleRecording_665,,-0.23109696805477142,0.0,0.0,0.0,0.0,0.0,0.0,0.0
666,OutboundSampleRecording_666,,-2.6089837551116943,0.0,0.0,0.0,0.0,0.0,0.0,0.0
667,OutboundSampleRecording_667,,-4.216739654541016,0.0,0.0,0.0,0.0,0.0,0.0,0.0
668,OutboundSampleRecording_668,,-20.892724990844727,0.0,0.0,0.0,0.0,0.0,0.0,0.0
669,OutboundSampleRecording_669,,-3.9966442584991455,0.0,0.0,0.0,0.0,0.0,0.0,0.0
670,OutboundSampleRecording_670,,-1.2921935319900513,0.0,0.0,0.0,0.0,0.0,0.0,0.0
671,OutboundSampleRecording_671,,-0.09422826021909714,0.0,0.0,0.0,0.0,0.0,0.0,0.0
672,OutboundSampleRecording_672,,-1.6477177143096924,0.0,0.0,0.0,0.0,0.0,0.0,0.0
673,OutboundSampleRecording_673,,-0.1937665045261383,0.0,0.0,0.0,0.0,0.0,0.0,0.0
674,OutboundSampleRecording_674,,-0.06091770529747009,0.0,0.0,0.0,0.0,0.0,0.0,0.0
675,OutboundSampleRecording_675,,-0.3105350732803345,0.0,0.0,0.0,0.0,0.0,0.0,0.0
676,OutboundSampleRecording_676,,-2.0372939109802246,0.0,0.0,0.0,0.0,0.0,0.0,0.0
677,OutboundSampleRecording_677,the,-11.503365516662598,0.0,0.0,0.0,0.0,0.0,0.0,0.0
678,OutboundSampleRecording_678,,-20.52985191345215,0.0,0.0,0.0,0.0,0.0,0.0,0.0
679,OutboundSampleRecording_679,soon,-33.6016960144043,0.0,0.0,0.0,0.0,0.0,0.0,0.0
680,OutboundSampleRecording_680,,-0.7496094107627869,0.0,0.0,0.0,0.0,0.0,0.0,0.0
681,OutboundSampleRecording_681,the son,-48.329612731933594,0.0,0.0,0.0,0.0,0.0,0.0,0.0
682,OutboundSampleRecording_682,,-0.022384539246559143,0.0,0.0,0.0,0.0,0.0,0.0,0.0
683,OutboundSampleRecording_683,,-0.35441190004348755,0.0,0.0,0.0,0.0,0.0,0.0,0.0
684,OutboundSampleRecording_684,,-13.292852401733398,0.0,0.0,0.0,0.0,0.0,0.0,0.0
685,OutboundSampleRecording_685,,-12.048866271972656,0.0,0.0,0.0,0.0,0.0,0.0,0.0
686,OutboundSampleRecording_686,,-5.240426540374756,0.0,0.0,0.0,0.0,0.0,0.0,0.0
687,OutboundSampleRecording_687,,-0.09786557406187057,0.0,0.0,0.0,0.0,0.0,0.0,0.0
688,OutboundSampleRecording_688,,-0.09634745121002197,0.0,0.0,0.0,0.0,0.0,0.0,0.0
689,OutboundSampleRecording_689,i ,-18.993776321411133,0.0,0.0,0.0,0.0,0.0,0.0,0.0
690,OutboundSampleRecording_690,,-0.8641198873519897,0.0,0.0,0.0,0.0,0.0,0.0,0.0
691,OutboundSampleRecording_691,,-0.07437919080257416,0.0,0.0,0.0,0.0,0.0,0.0,0.0
692,OutboundSampleRecording_692,,-0.0896034762263298,0.0,0.0,0.0,0.0,0.0,0.0,0.0
693,OutboundSampleRecording_693,,-7.9687933921813965,0.0,0.0,0.0,0.0,0.0,0.0,0.0
694,OutboundSampleRecording_694,,-1.067405104637146,0.0,0.0,0.0,0.0,0.0,0.0,0.0
695,OutboundSampleRecording_695,sister,-52.884883880615234,0.0,0.0,0.0,0.0,0.0,0.0,0.0
696,OutboundSampleRecording_696,,-11.457402229309082,0.0,0.0,0.0,0.0,0.0,0.0,0.0
697,OutboundSampleRecording_697,,-0.5868980288505554,0.0,0.0,0.0,0.0,0.0,0.0,0.0
698,OutboundSampleRecording_698,,-0.11453796923160553,0.0,0.0,0.0,0.0,0.0,0.0,0.0
699,OutboundSampleRecording_699,one,-38.2986946105957,0.0,0.0,0.0,0.0,0.0,0.0,0.0
700,OutboundSampleRecording_700,,-10.142108917236328,0.0,0.0,0.0,0.0,0.0,0.0,0.0
701,OutboundSampleRecording_701,,-0.579326331615448,0.0,0.0,0.0,0.0,0.0,0.0,0.0
702,OutboundSampleRecording_702,,-3.4284160137176514,0.0,0.0,0.0,0.0,0.0,0.0,0.0
703,OutboundSampleRecording_703,,-4.961416721343994,0.0,0.0,0.0,0.0,0.0,0.0,0.0
704,OutboundSampleRecording_704,tastes,-77.2037124633789,0.0,0.0,0.0,0.0,0.0,0.0,0.0
705,OutboundSampleRecording_705,stretton,-64.29460144042969,0.0,0.0,0.0,0.0,0.0,0.0,0.0
706,OutboundSampleRecording_706,procession,-100.75809478759766,0.0,0.0,0.0,0.0,0.0,0.0,0.0
707,OutboundSampleRecording_707,one,-38.531005859375,0.0,0.0,0.0,0.0,0.0,0.0,0.0
708,OutboundSampleRecording_708,,-0.49498388171195984,0.0,0.0,0.0,0.0,0.0,0.0,0.0
709,OutboundSampleRecording_709,,-0.5196319222450256,0.0,0.0,0.0,0.0,0.0,0.0,0.0
710,OutboundSampleRecording_710,,-0.3172873854637146,0.0,0.0,0.0,0.0,0.0,0.0,0.0
711,OutboundSampleRecording_711,,-12.10205078125,0.0,0.0,0.0,0.0,0.0,0.0,0.0
712,OutboundSampleRecording_712,,-3.7077112197875977,0.0,0.0,0.0,0.0,0.0,0.0,0.0
713,OutboundSampleRecording_713,the,-7.585061550140381,0.0,0.0,0.0,0.0,0.0,0.0,0.0
714,OutboundSampleRecording_714,,-1.7247419357299805,0.0,0.0,0.0,0.0,0.0,0.0,0.0
715,OutboundSampleRecording_715,,-12.734076499938965,0.0,0.0,0.0,0.0,0.0,0.0,0.0
716,OutboundSampleRecording_716,,-0.9736576676368713,0.0,0.0,0.0,0.0,0.0,0.0,0.0
717,OutboundSampleRecording_717,that's the scots,-40.47968673706055,0.0,0.0,0.0,0.0,0.0,0.0,0.0
718,OutboundSampleRecording_718,come,-24.13146209716797,0.0,0.0,0.0,0.0,0.0,0.0,0.0
719,OutboundSampleRecording_719,,-1.495996117591858,0.0,0.0,0.0,0.0,0.0,0.0,0.0
720,OutboundSampleRecording_720,,-2.793337821960449,0.0,0.0,0.0,0.0,0.0,0.0,0.0
721,OutboundSampleRecording_721,for,-22.807281494140625,0.0,0.0,0.0,0.0,0.0,0.0,0.0
722,OutboundSampleRecording_722,the possession,-54.72663879394531,0.0,0.0,0.0,0.0,0.0,0.0,0.0
723,OutboundSampleRecording_723,otis,-41.084556579589844,0.0,0.0,0.0,0.0,0.0,0.0,0.0
724,OutboundSampleRecording_724,,-0.09608989953994751,0.0,0.0,0.0,0.0,0.0,0.0,0.0
725,OutboundSampleRecording_725,,-0.32537099719047546,0.0,0.0,0.0,0.0,0.0,0.0,0.0
726,OutboundSampleRecording_726,i sesostris,-101.82501983642578,0.0,0.0,0.0,0.0,0.0,0.0,0.0
727,OutboundSampleRecording_727,,-1.2329214811325073,0.0,0.0,0.0,0.0,0.0,0.0,0.0
728,OutboundSampleRecording_728,,-0.6320159435272217,0.0,0.0,0.0,0.0,0.0,0.0,0.0
729,OutboundSampleRecording_729,,-0.10440916568040848,0.0,0.0,0.0,0.0,0.0,0.0,0.0
730,OutboundSampleRecording_730,,-0.21605533361434937,0.0,0.0,0.0,0.0,0.0,0.0,0.0
731,OutboundSampleRecording_731,,-3.7302396297454834,0.0,0.0,0.0,0.0,0.0,0.0,0.0
732,OutboundSampleRecording_732,,-0.5466708540916443,0.0,0.0,0.0,0.0,0.0,0.0,0.0
733,OutboundSampleRecording_733,,-2.1067473888397217,0.0,0.0,0.0,0.0,0.0,0.0,0.0
734,OutboundSampleRecording_734,,-3.782524585723877,0.0,0.0,0.0,0.0,0.0,0.0,0.0
735,OutboundSampleRecording_735,,-0.13504721224308014,0.0,0.0,0.0,0.0,0.0,0.0,0.0
736,OutboundSampleRecording_736,,-0.11768433451652527,0.0,0.0,0.0,0.0,0.0,0.0,0.0
737,OutboundSampleRecording_737,,-0.20401768386363983,0.0,0.0,0.0,0.0,0.0,0.0,0.0
738,OutboundSampleRecording_738,,-0.16369254887104034,0.0,0.0,0.0,0.0,0.0,0.0,0.0
739,OutboundSampleRecording_739,,-0.6494528651237488,0.0,0.0,0.0,0.0,0.0,0.0,0.0
740,OutboundSampleRecording_740,,-1.0405404567718506,0.0,0.0,0.0,0.0,0.0,0.0,0.0
741,OutboundSampleRecording_741,,-6.595553398132324,0.0,0.0,0.0,0.0,0.0,0.0,0.0
742,OutboundSampleRecording_742,,-0.12533296644687653,0.0,0.0,0.0,0.0,0.0,0.0,0.0
743,OutboundSampleRecording_743,one,-51.53485107421875,0.0,0.0,0.0,0.0,0.0,0.0,0.0
744,OutboundSampleRecording_744,,-10.864400863647461,0.0,0.0,0.0,0.0,0.0,0.0,0.0
745,OutboundSampleRecording_745,,-2.5482308864593506,0.0,0.0,0.0,0.0,0.0,0.0,0.0
746,OutboundSampleRecording_746,,-2.4097368717193604,0.0,0.0,0.0,0.0,0.0,0.0,0.0
747,OutboundSampleRecording_747,,-8.151688575744629,0.0,0.0,0.0,0.0,0.0,0.0,0.0
748,OutboundSampleRecording_748,seaforth,-61.99087905883789,0.0,0.0,0.0,0.0,0.0,0.0,0.0
749,OutboundSampleRecording_749,,-2.9420437812805176,0.0,0.0,0.0,0.0,0.0,0.0,0.0
750,OutboundSampleRecording_750,,-2.2057833671569824,0.0,0.0,0.0,0.0,0.0,0.0,0.0
751,OutboundSampleRecording_751,asserts,-65.30445861816406,0.0,0.0,0.0,0.0,0.0,0.0,0.0
752,OutboundSampleRecording_752,,-0.14467164874076843,0.0,0.0,0.0,0.0,0.0,0.0,0.0
753,OutboundSampleRecording_753,,-8.334010124206543,0.0,0.0,0.0,0.0,0.0,0.0,0.0
754,OutboundSampleRecording_754,,-1.1851128339767456,0.0,0.0,0.0,0.0,0.0,0.0,0.0
755,OutboundSampleRecording_755,,-0.13466131687164307,0.0,0.0,0.0,0.0,0.0,0.0,0.0
756,OutboundSampleRecording_756,,-0.2770373523235321,0.0,0.0,0.0,0.0,0.0,0.0,0.0
757,OutboundSampleRecording_757,,-7.217804431915283,0.0,0.0,0.0,0.0,0.0,0.0,0.0
758,OutboundSampleRecording_758,,-0.278140127658844,0.0,0.0,0.0,0.0,0.0,0.0,0.0
759,OutboundSampleRecording_759,,-3.421785593032837,0.0,0.0,0.0,0.0,0.0,0.0,0.0
760,OutboundSampleRecording_760,,-0.1431923657655716,0.0,0.0,0.0,0.0,0.0,0.0,0.0
761,OutboundSampleRecording_761,,-0.17125214636325836,0.0,0.0,0.0,0.0,0.0,0.0,0.0
762,OutboundSampleRecording_762,he had,-19.60873794555664,0.0,0.0,0.0,0.0,0.0,0.0,0.0
763,OutboundSampleRecording_763,,-0.2825412154197693,0.0,0.0,0.0,0.0,0.0,0.0,0.0
764,OutboundSampleRecording_764,,-0.07748634368181229,0.0,0.0,0.0,0.0,0.0,0.0,0.0
765,OutboundSampleRecording_765,,-0.5382106304168701,0.0,0.0,0.0,0.0,0.0,0.0,0.0
766,OutboundSampleRecording_766,,-0.03173711523413658,0.0,0.0,0.0,0.0,0.0,0.0,0.0
767,OutboundSampleRecording_767,fishes,-54.04669189453125,0.0,0.0,0.0,0.0,0.0,0.0,0.0
768,OutboundSampleRecording_768,,-16.38698387145996,0.0,0.0,0.0,0.0,0.0,0.0,0.0
769,OutboundSampleRecording_769,,-10.383247375488281,0.0,0.0,0.0,0.0,0.0,0.0,0.0
770,OutboundSampleRecording_770,see,-41.47579574584961,0.0,0.0,0.0,0.0,0.0,0.0,0.0
771,OutboundSampleRecording_771,,-3.9528539180755615,0.0,0.0,0.0,0.0,0.0,0.0,0.0
772,OutboundSampleRecording_772,,-0.15210984647274017,0.0,0.0,0.0,0.0,0.0,0.0,0.0
773,OutboundSampleRecording_773,,-0.3061189651489258,0.0,0.0,0.0,0.0,0.0,0.0,0.0
774,OutboundSampleRecording_774,proteoses,-96.81436157226562,0.0,0.0,0.0,0.0,0.0,0.0,0.0
775,OutboundSampleRecording_775,,-0.040684230625629425,0.0,0.0,0.0,0.0,0.0,0.0,0.0
776,OutboundSampleRecording_776,,-1.226184368133545,0.0,0.0,0.0,0.0,0.0,0.0,0.0
777,OutboundSampleRecording_777,,-0.2063848227262497,0.0,0.0,0.0,0.0,0.0,0.0,0.0
778,OutboundSampleRecording_778,,0.0,0.0,0.0,0.0,0.0,0.0,0.0,0.0
779,OutboundSampleRecording_779,,-0.76280277967453,0.0,0.0,0.0,0.0,0.0,0.0,0.0
780,OutboundSampleRecording_780,,-0.020026830956339836,0.0,0.0,0.0,0.0,0.0,0.0,0.0
781,OutboundSampleRecording_781,,-13.343555450439453,0.0,0.0,0.0,0.0,0.0,0.0,0.0
782,OutboundSampleRecording_782,,-3.8805367946624756,0.0,0.0,0.0,0.0,0.0,0.0,0.0
783,OutboundSampleRecording_783,,-0.24997296929359436,0.0,0.0,0.0,0.0,0.0,0.0,0.0
784,OutboundSampleRecording_784,assisted,-73.7324447631836,0.0,0.0,0.0,0.0,0.0,0.0,0.0
785,OutboundSampleRecording_785,the,-18.629981994628906,0.0,0.0,0.0,0.0,0.0,0.0,0.0
786,OutboundSampleRecording_786,,-0.3364001512527466,0.0,0.0,0.0,0.0,0.0,0.0,0.0
787,OutboundSampleRecording_787,,-0.3389444053173065,0.0,0.0,0.0,0.0,0.0,0.0,0.0
788,OutboundSampleRecording_788,this was once,-70.64311981201172,0.0,0.0,0.0,0.0,0.0,0.0,0.0
789,OutboundSampleRecording_789,as,-27.26479148864746,0.0,0.0,0.0,0.0,0.0,0.0,0.0
790,OutboundSampleRecording_790,,-2.9476253986358643,0.0,0.0,0.0,0.0,0.0,0.0,0.0
791,OutboundSampleRecording_791,,-0.28068238496780396,0.0,0.0,0.0,0.0,0.0,0.0,0.0
792,OutboundSampleRecording_792,,-4.679964065551758,0.0,0.0,0.0,0.0,0.0,0.0,0.0
793,OutboundSampleRecording_793,there,-33.563724517822266,0.0,0.0,0.0,0.0,0.0,0.0,0.0
794,OutboundSampleRecording_794,,-7.669408798217773,0.0,0.0,0.0,0.0,0.0,0.0,0.0
795,OutboundSampleRecording_795,,-0.621708869934082,0.0,0.0,0.0,0.0,0.0,0.0,0.0
796,OutboundSampleRecording_796,,-6.81627893447876,0.0,0.0,0.0,0.0,0.0,0.0,0.0
797,OutboundSampleRecording_797,,-8.254973411560059,0.0,0.0,0.0,0.0,0.0,0.0,0.0
798,OutboundSampleRecording_798,,-1.1905421018600464,0.0,0.0,0.0,0.0,0.0,0.0,0.0
799,OutboundSampleRecording_799,,-0.06608803570270538,0.0,0.0,0.0,0.0,0.0,0.0,0.0
800,OutboundSampleRecording_800,,-0.7274200320243835,0.0,0.0,0.0,0.0,0.0,0.0,0.0
801,OutboundSampleRecording_801,,-5.718748569488525,0.0,0.0,0.0,0.0,0.0,0.0,0.0
802,OutboundSampleRecording_802,,-2.9018828868865967,0.0,0.0,0.0,0.0,0.0,0.0,0.0
803,OutboundSampleRecording_803,isotopes,-64.43264770507812,0.0,0.0,0.0,0.0,0.0,0.0,0.0
804,OutboundSampleRecording_804,,-4.321608543395996,0.0,0.0,0.0,0.0,0.0,0.0,0.0
805,OutboundSampleRecording_805,the,-18.812314987182617,0.0,0.0,0.0,0.0,0.0,0.0,0.0
806,OutboundSampleRecording_806,,-15.016850471496582,0.0,0.0,0.0,0.0,0.0,0.0,0.0
807,OutboundSampleRecording_807,,-7.190138816833496,0.0,0.0,0.0,0.0,0.0,0.0,0.0
808,OutboundSampleRecording_808,,-1.9997155666351318,0.0,0.0,0.0,0.0,0.0,0.0,0.0
809,OutboundSampleRecording_809,,-0.08129782974720001,0.0,0.0,0.0,0.0,0.0,0.0,0.0
810,OutboundSampleRecording_810,,-15.46984577178955,0.0,0.0,0.0,0.0,0.0,0.0,0.0
811,OutboundSampleRecording_811,,-10.371641159057617,0.0,0.0,0.0,0.0,0.0,0.0,0.0
812,OutboundSampleRecording_812,,-0.09161563962697983,0.0,0.0,0.0,0.0,0.0,0.0,0.0
813,OutboundSampleRecording_813,,0.0,0.0,0.0,0.0,0.0,0.0,0.0,0.0
814,OutboundSampleRecording_814,,-0.09438857436180115,0.0,0.0,0.0,0.0,0.0,0.0,0.0
815,OutboundSampleRecording_815,,-6.724002838134766,0.0,0.0,0.0,0.0,0.0,0.0,0.0
816,OutboundSampleRecording_816,,-0.24234940111637115,0.0,0.0,0.0,0.0,0.0,0.0,0.0
817,OutboundSampleRecording_817,,-0.3153668940067291,0.0,0.0,0.0,0.0,0.0,0.0,0.0
818,OutboundSampleRecording_818,,-8.248138427734375,0.0,0.0,0.0,0.0,0.0,0.0,0.0
819,OutboundSampleRecording_819,,-3.5274248123168945,0.0,0.0,0.0,0.0,0.0,0.0,0.0
820,OutboundSampleRecording_820,,-14.963911056518555,0.0,0.0,0.0,0.0,0.0,0.0,0.0
821,OutboundSampleRecording_821,,-0.5029380917549133,0.0,0.0,0.0,0.0,0.0,0.0,0.0
822,OutboundSampleRecording_822,,-2.22489595413208,0.0,0.0,0.0,0.0,0.0,0.0,0.0
823,OutboundSampleRecording_823,,-2.722324848175049,0.0,0.0,0.0,0.0,0.0,0.0,0.0
824,OutboundSampleRecording_824,,-15.872518539428711,0.0,0.0,0.0,0.0,0.0,0.0,0.0
825,OutboundSampleRecording_825,,-0.2562249004840851,0.0,0.0,0.0,0.0,0.0,0.0,0.0
826,OutboundSampleRecording_826,,-15.108086585998535,0.0,0.0,0.0,0.0,0.0,0.0,0.0
827,OutboundSampleRecording_827,,-0.1662588119506836,0.0,0.0,0.0,0.0,0.0,0.0,0.0
828,OutboundSampleRecording_828,hassan,-47.181453704833984,0.0,0.0,0.0,0.0,0.0,0.0,0.0
829,OutboundSampleRecording_829,spread,-66.6832275390625,0.0,0.0,0.0,0.0,0.0,0.0,0.0
830,OutboundSampleRecording_830,,-10.292805671691895,0.0,0.0,0.0,0.0,0.0,0.0,0.0
831,OutboundSampleRecording_831,cortes,-69.89397430419922,0.0,0.0,0.0,0.0,0.0,0.0,0.0
832,OutboundSampleRecording_832,,-0.2968907058238983,0.0,0.0,0.0,0.0,0.0,0.0,0.0
833,OutboundSampleRecording_833,,-17.916597366333008,0.0,0.0,0.0,0.0,0.0,0.0,0.0
834,OutboundSampleRecording_834,,-0.16957533359527588,0.0,0.0,0.0,0.0,0.0,0.0,0.0
835,OutboundSampleRecording_835,,-0.07989279180765152,0.0,0.0,0.0,0.0,0.0,0.0,0.0
836,OutboundSampleRecording_836,,-6.053582191467285,0.0,0.0,0.0,0.0,0.0,0.0,0.0
837,OutboundSampleRecording_837,,-0.5175871849060059,0.0,0.0,0.0,0.0,0.0,0.0,0.0
838,OutboundSampleRecording_838,,-0.23109696805477142,0.0,0.0,0.0,0.0,0.0,0.0,0.0
839,OutboundSampleRecording_839,,-2.6089837551116943,0.0,0.0,0.0,0.0,0.0,0.0,0.0
840,OutboundSampleRecording_840,,-4.216739654541016,0.0,0.0,0.0,0.0,0.0,0.0,0.0
841,OutboundSampleRecording_841,,-20.892724990844727,0.0,0.0,0.0,0.0,0.0,0.0,0.0
842,OutboundSampleRecording_842,,-3.9966442584991455,0.0,0.0,0.0,0.0,0.0,0.0,0.0
843,OutboundSampleRecording_843,,-1.2921935319900513,0.0,0.0,0.0,0.0,0.0,0.0,0.0
844,OutboundSampleRecording_844,,-0.09422826021909714,0.0,0.0,0.0,0.0,0.0,0.0,0.0
845,OutboundSampleRecording_845,,-1.6477177143096924,0.0,0.0,0.0,0.0,0.0,0.0,0.0
846,OutboundSampleRecording_846,,-0.1937665045261383,0.0,0.0,0.0,0.0,0.0,0.0,0.0
847,OutboundSampleRecording_847,,-0.06091770529747009,0.0,0.0,0.0,0.0,0.0,0.0,0.0
848,OutboundSampleRecording_848,,-0.3105350732803345,0.0,0.0,0.0,0.0,0.0,0.0,0.0
849,OutboundSampleRecording_849,,-2.0372939109802246,0.0,0.0,0.0,0.0,0.0,0.0,0.0
850,OutboundSampleRecording_850,the,-11.503365516662598,0.0,0.0,0.0,0.0,0.0,0.0,0.0
851,OutboundSampleRecording_851,,-20.52985191345215,0.0,0.0,0.0,0.0,0.0,0.0,0.0
852,OutboundSampleRecording_852,soon,-33.6016960144043,0.0,0.0,0.0,0.0,0.0,0.0,0.0
853,OutboundSampleRecording_853,,-0.7496094107627869,0.0,0.0,0.0,0.0,0.0,0.0,0.0
854,OutboundSampleRecording_854,the son,-48.329612731933594,0.0,0.0,0.0,0.0,0.0,0.0,0.0
855,OutboundSampleRecording_855,,-0.022384539246559143,0.0,0.0,0.0,0.0,0.0,0.0,0.0
856,OutboundSampleRecording_856,,-0.35441190004348755,0.0,0.0,0.0,0.0,0.0,0.0,0.0
857,OutboundSampleRecording_857,,-13.292852401733398,0.0,0.0,0.0,0.0,0.0,0.0,0.0
858,OutboundSampleRecording_858,,-12.048866271972656,0.0,0.0,0.0,0.0,0.0,0.0,0.0
859,OutboundSampleRecording_859,,-5.240426540374756,0.0,0.0,0.0,0.0,0.0,0.0,0.0
860,OutboundSampleRecording_860,,-0.09786557406187057,0.0,0.0,0.0,0.0,0.0,0.0,0.0
861,OutboundSampleRecording_861,,-0.09634745121002197,0.0,0.0,0.0,0.0,0.0,0.0,0.0
862,OutboundSampleRecording_862,i ,-18.993776321411133,0.0,0.0,0.0,0.0,0.0,0.0,0.0
863,OutboundSampleRecording_863,,-0.8641198873519897,0.0,0.0,0.0,0.0,0.0,0.0,0.0
864,OutboundSampleRecording_864,,-0.07437919080257416,0.0,0.0,0.0,0.0,0.0,0.0,0.0
